Workbook

Sheet Natural and Forced Convection C
A1: Initial Inputs | E1: Forced Convection around Heat Sink | I1: Free/Natural Convection at Nozzle | M1: Free/Natural Convection at Top of Heat Block | Q1: Final Values for Convection Heat Transfer Coefficients
A3: Name | B3: Units | C3: Value | E3: Name | F3: Units | G3: Value | I3: Name | J3: Units | K3: Value | M3: Name | N3: Units | O3: Value | Q3: Name | R3: Units | S3: Value
A4: Fan Details | E4: Calculate AIrflow Rate | I4: Calculate Grashof's Number | M4: Calculate Grashof's Number | Q4: Convective Heat Transfer Coefficient
A5: Fan Airflow | B5: m^3/h | C5: 8.2 | E5: Fan Airflow | F5: m^3/s | G5: =C5/3600 -> 0.0022777778 | I5: Gravitational Acceleration (g) | J5: m/s^2 | K5: =C11 -> 9.81 | M5: Gravitational Acceleration (g) | N5: m/s^2 | O5: =C18 -> 9.81 | Q5: Natural Air at top of heat block | R5: W/m^2K | S5: =O34 -> 4.5045031
A6: Fan Diameter | B6: mm | C6: =37 -> 37 | E6: Fan Diameter | F6: m | G6: =C6/1000 -> 0.037 | I6: Surface Temperature (Ts) | J6: K | K6: =C12+273 -> 503 | M6: Surface Temperature (Ts) | N6: K | O6: =C19+273 -> 503 | Q6: Natural Air at bottom of nozzle | R6: W/m^2K | S6: =K34 -> 5.5195003
A7: Length of gap | B7: mm | C7: 7 | E7: Area of the fan | F7: m^2 | G7: =pi()*(G6/2)^2 -> 0.0010752101 | I7: Ambient Temperature (Tinfinity) | J7: K | K7: =C13+273 -> 295 | M7: Ambient Temperature (Tinfinity) | N7: K | O7: =C20+273 -> 295 | Q7: Forced Air (from Fan) | R7: W/m^2K | S7: =G33 -> 54.430806
A8: Width of gap | B8: mm | C8: 1 | E8: Length of gap | F8: m | G8: =C7/1000 -> 0.007 | I8: Volume Exansion Coefficient (beta) | J8: m^3/s | K8: =1/C34 -> 0.0025062657 | M8: Volume Exansion Coefficient (beta) | N8: m^3/s | O8: =1/C34 -> 0.0025062657 | S8: =AVERAGE(S5:S6) -> 5.0120017
A9: Number of rectangular gaps | B9: dimensonless | C9: 22 | E9: Width of gap | F9: m | G9: =C8/1000 -> 0.001 | I9: Inner Radius | J9: m | K9: =C14/1000 -> 0.001 | M9: Width of hotend | N9: m | O9: =C21/1000 -> 0.023
A10: Nozzle Properties (Assumed to be modeled as a cylinder) | E10: Total area of gaps | F10: m^2 | G10: =G9*G8*22 -> 0.000154 | I10: Outer Radius | J10: m | K10: =C15/1000 -> 0.0035 | M10: Depth of hotend | N10: m | O10: =C22/1000 -> 0.016
A11: Gravitational Acceleration (g) | B11: m/s^2 | C11: 9.81 | E11: Airflow rate | F11: m/s | G11: =G5/G7 * G7 /G10 -> 14.790765 | I11: Length | J11: m | K11: =C16/1000 -> 0.006 | M11: Heatbreak Outer Radius of Neck | N11: m | O11: =C23/1000 -> 0.00148
A12: Surface Temperature (Ts) | B12: C | C12: =230 -> 230 | E12: Calculate Prandtl's Number | I12: Cross-sectional Area (A) | J12: m^2 | K12: =pi()*(K10^2-K9^2) -> 3.5342917e-05 | M12: Cross-sectional Area (A) | N12: m^2 | O12: =O10*O9-pi()*(O11)^2 -> 0.00036111866
A13: Ambient Temperature (Tinfinity) | B13: C | C13: =22 -> 22 | E13: Air Kinematic Viscosity (nu) | F13: m^2/s | G13: =C42 -> 2.63002e-05 | I13: Perimeter (P) | J13: m | K13: =2*pi()*K9+2*pi()*K10 -> 0.028274334 | M13: Perimeter (P) | N13: m | O13: =2*(O10+O9)+2*pi()*O11 -> 0.087299114
A14: Inner Radius | B14: mm | C14: 1 | E14: Air Thermal Conductivity (k) | F14: W/mK | G14: =C43 -> 0.033724 | I14: Critical Length (Lc) | J14: m | K14: =K12/K13 -> 0.00125 | M14: Critical Length (Lc) | N14: m | O14: =O12/O13 -> 0.0041365672
A15: Outer Radius | B15: mm | C15: 3.5 | E15: Air Density (rho) | F15: kg/m^3 | G15: =C44 -> 0.873578 | I15: Air Kinematic Viscosity (nu) | J15: m^2/s | K15: =C42 -> 2.63002e-05 | M15: Air Kinematic Viscosity (nu) | N15: m^2/s | O15: =C46 -> 2.29662e-05
A16: Length | B16: mm | C16: 6 | E16: Air Specific Heat Coefficient (cp) | F16: J/kg K | G16: =C45*1000 -> 1013.9 | I16: Grashof's Number (Gr) | J16: Dimensionless | K16: =(K5*K8*(K6-K7)*(K14^3))/((K15^2)) -> 14.440139 | M16: Grashof's Number (Gr) | N16: Dimensionless | O16: =(O5*O8*(O6-O7)*(O14^3))/((O15^2)) -> 686.28013
A17: Heat Block Properties (Assumed to be modeled as a flat plate) | E17: Air Thermal Diffusivity (alpha) | F17: m^2/s | G17: =(G14)/(G15*G16) -> 3.8075207e-05 | I17: Calculate Prandtl's Number | M17: Calculate Prandtl's Number
A18: Gravitational Acceleration (g) | B18: m/s^2 | C18: =C11 -> 9.81 | E18: Prandtl's Number (Pr) | F18: Dimensionless | G18: =G13/G17 -> 0.69074346 | I18: Air Kinematic Viscosity (nu) | J18: m^2/s | K18: =C42 -> 2.63002e-05 | M18: Air Kinematic Viscosity (nu) | N18: m^2/s | O18: =C42 -> 2.63002e-05
A19: Surface Temperature (Ts) | B19: C | C19: =230 -> 230 | E19: Calculate Reynold's Number | I19: Thermal Conductivity (k) | J19: W/mK | K19: =C43 -> 0.033724 | M19: Thermal Conductivity (k) | N19: W/mK | O19: =C43 -> 0.033724
A20: Ambient Temperature (Tinfinity) | B20: C | C20: =22 -> 22 | E20: Air Density (rho) | F20: kg/m^3 | G20: =C44 -> 0.873578 | I20: Air Density (rho) | J20: kg/m^3 | K20: =C44 -> 0.873578 | M20: Air Density (rho) | N20: kg/m^3 | O20: =C44 -> 0.873578
A21: Width | B21: mm | C21: 23 | E21: Velocity (U) | F21: m/s | G21: =G11 -> 14.790765 | I21: Specific Heat Coefficient (cp) | J21: J/kg K | K21: =C45*1000 -> 1013.9 | M21: Specific Heat Coefficient (cp) | N21: J/kg K | O21: =C45*1000 -> 1013.9
A22: Depth | B22: mm | C22: 16 | E22: Characteristic length (i.e Diameter of the heatsink) | F22: m | G22: =(C28*2)/1000 -> 0.022 | I22: Air Thermal Diffusivity (alpha) | J22: m^2/s | K22: =(K19)/(K20*K21) -> 3.8075207e-05 | M22: Air Thermal Diffusivity (alpha) | N22: m^2/s | O22: =(O19)/(O20*O21) -> 3.8075207e-05
A23: Heatbreak Outer Radius of Neck | B23: mm | C23: 1.48 | E23: Dynamic viscosity (mu) | F23: kg/ms | G23: =C46 -> 2.29662e-05 | I23: Prandtl's Number (Pr) | J23: Dimensionless | K23: =K18/K22 -> 0.69074346 | M23: Prandtl's Number (Pr) | N23: Dimensionless | O23: =O18/O22 -> 0.69074346
A24: Length | B24: mm | C24: 11.5 | E24: Reynold's Number (Re) | F24: Dimensionless | G24: =(G20*G21*G22)/(G23) -> 12377.298 | I24: Calculate Rayleigh's Number | M24: Calculate Rayleigh's Number
A25: Heat Sink Dimensions (Modelled as Cylinder) | E25: Calculate the Nussult Number | I25: Rayleighs's Number (Ra) | J25: Dimensionless | K25: =K16*K23 -> 9.9744318 | M25: Rayleighs's Number (Ra) | N25: Dimensionless | O25: =O16*O23 -> 474.04351
A26: Inner Radius | B26: mm | C26: =average(2.1,3.5) -> 2.8 | E26: Assumptions | I26: Calculate the Nussult Number | M26: Calculate the Nussult Number
A27: Middle Radius | B27: mm | C27: 4 | E27: Geometry: | F27: Cylinder | I27: Assumptions | M27: Assumptions
A28: Outer Radius | B28: mm | C28: 11 | E28: Condition: | F28: Average, T_film,Re_D*Pr>= 0.2 | I28: Geometry: | J28: Long Horizontal Cylinder | M28: Geometry: | N28: Vertical Plate
A29: Length for Each Fin | B29: mm | C29: 1 | E29: Nussult Number (Nu) | F29: Dimensionless | G29: =0.3+(0.62*(G24^(1/2))*(G18^(1/3))*((1+(0.4/G18)^(2/3))^(-1/4))*((1+(G24/282000)^(5/8))^(4/5))) -> 59.718296 | I29: Formula | J29: Churchill and Chu Correlation | M29: Formula | N29: Churchill and Chu Correlation for Ra <= 10^9
A30: Length for Each Gap | B30: mm | C30: 1 | E30: Calculate the Heat Transfer Coefficient | I30: Nussult Number (Nu) | J30: Dimensionless | K30: =(0.6+((0.387*(K25)^(1/6))/(1+(0.559/K23)^(9/16))^(8/27)))^(2) -> 1.1456678 | M30: Nussult Number (Nu) | N30: Dimensionless | O30: =0.68+((0.67*(O25)^(1/4))/(1+(0.492/O23)^(9/16))^(4/9)) -> 3.0721021
A31: Film Temperature | E31: Characteristic length (i.e Diameter of the heatsink) | F31: m | G31: =C6/1000 -> 0.037 | I31: Calculate the Heat Transfer Coefficient | M31: Calculate the Heat Transfer Coefficient
A32: Surface Temperature (Ts) | B32: K | C32: =C19+273 -> 503 | E32: Thermal Conductivity (k) | F32: W/mK | G32: =C43 -> 0.033724 | I32: Characteristic length (i.e Outer Diameter of the Nozzle) | J32: m | K32: =C15*2/1000 -> 0.007 | M32: Length (L) | N32: m | O32: =O9 -> 0.023
A33: Ambient Temperature (Tinfinity) | B33: K | C33: =C20+273 -> 295 | E33: Convection Heat Transfer Coefficient (h) | F33: W/m^2K | G33: =G29*G32/G31 -> 54.430806 | I33: Thermal Conductivity (k) | J33: W/mK | K33: =C43 -> 0.033724 | M33: Thermal Conductivity (k) | N33: W/mK | O33: =C43 -> 0.033724
A34: Film Temperature | B34: K | C34: =AVERAGE(C32:C33) -> 399 | I34: Convection Heat Transfer Coefficient (h) | J34: W/m^2K | K34: =K30*K33/K32 -> 5.5195003 | M34: Convection Heat Transfer Coefficient (h) | N34: W/m^2K | O34: =O30*O33/O32 -> 4.5045031
A35: Air Properties at 22C OR 295K
A36: Air Kinematic Viscosity (nu) | B36: m^2/s | C36: 1.524e-05
A37: Air Thermal Conductivity (k) | B37: W/mK | C37: 0.02582
A38: Air Density (rho) | B38: kg/m^3 | C38: 1.196
A39: Air Specific Heat Coefficient (cp) | B39: kJ/kg K | C39: =1.006 -> 1.006
A40: Dynamic viscosity (mu) | B40: kg/ms | C40: 1.822e-05
A41: Air Properties at Film Temperature 126C OR 399K
A42: Air Kinematic Viscosity (nu) | B42: m^2/s | C42: =0.0000263002 -> 2.63002e-05
A43: Air Thermal Conductivity (k) | B43: W/mK | C43: =0.033724 -> 0.033724 | D43: =C42*C44 -> 2.2975276e-05
A44: Air Density (rho) | B44: kg/m^3 | C44: =0.873578 -> 0.873578
A45: Air Specific Heat Coefficient (cp) | B45: kJ/kg K | C45: =1.0139 -> 1.0139
A46: Dynamic viscosity (mu) | B46: kg/ms | C46: =0.0000229662 -> 2.29662e-05

Sheet Solution 7
A2: Initial Inputs | E2: Individiual Resistance | I2: Total Resistance | M2: Temperature at Different Points | Q2: Final Values Summary
A4: Name | B4: Units | C4: Value | E4: Name | F4: Units | G4: Value | I4: Name | J4: Units | K4: Value | M4: Name | N4: Units | O4: Value | Q4: Name | R4: Units | S4: Value
A5: Initial Temperatures | I5: Total Resistance through the Bottom | M5: Temperature at Bottom of Nozzle | Q5: Heat Balance
A6: Temperature of the Heater Cartridge | B6: C | C6: 230 | E6: In Series Convection and Conduction of Nozzle | I6: In Series Convection and Conduction of Nozzle outside heatblock | J6: K/W | K6: =G20 -> 5126.5236 | M6: Temperature of the Ambient Air | N6: K | O6: =C7+273 -> 295 | Q6: Total Heat In | R6: W | S6: =K77 -> 10.421814
A7: Temperature of the Ambient AIr | B7: C | C7: 22 | I7: In Parallel Conduction of Brass and Aluminium in Bottom Section of Heat Block | J7: K/W | K7: =G39 -> 0.063474577 | M7: Natural Convective Nozzle Resistance Outside of Heat Block | N7: K/W | O7: =G13 -> 5126.2271 | Q7: Total Heat Out through Bottom | R7: W | S7: =K50 -> 0.040572802 | T7: =S7+S8 -> 3.457974
A8: Thermal Conductivity | E8: Natural Convection Resistance between Nozzle and Ambient Air | I8: Total Bottom Resistance | J8: K/W | K8: =SUM(K6:K7) -> 5126.587 | M8: Total Bottom Heat Out | N8: W | O8: =K50 -> 0.040572802 | Q8: Total Heat Out through Top | R8: W | S8: =K55 -> 3.4174012
A9: Alumnium | B9: W/mK | C9: 155.3 | E9: Natural Convective Bottom Air Heat Transfer Coefficient | F9: W/m^2K | G9: =C14 -> 5.5195003 | I9: Total Resistance through the Top | M9: Bottom of Nozzle Temperature | N9: K | O9: =O6+O7*O8 -> 502.9854 | Q9: Total Heat Out through Filament | R9: W | S9: =K68 -> 6.96384
A10: Brass | B10: W/mK | C10: 112.1 | E10: Inner Radius | F10: m | G10: =C27/1000 -> 0.001 | I10: In Parallel Conduction of Brass and Aluminium in Middle Section of Heat Block | J10: K/W | K10: =G58 -> 0.044040127 | M10: Temperature at Bottom of Heat Block | Q10: Check | S10: =S6-SUM(S7:S9) -> 0
A11: Stainless Steel | B11: W/mK | C11: 14.58 | E11: Outer Radius | F11: m | G11: =C28/1000 -> 0.0035 | I11: In Parallel Conduction of Steel and Aluminium in Top Section of Heat Block | J11: K/W | K11: =G77 -> 0.091167601 | M11: Bottom of Nozzle Temperature | N11: K | O11: =O9 -> 502.9854
A12: Convective Heat Transfer Coefficient | E12: Area of nozzle | F12: m^2 | G12: =pi()*(G11^2-G10^2) -> 3.5342917e-05 | I12: In Parallel Conduction of Steel and Convection through neck of Heat Break 1 | J12: K/W | K12: =$G$95 -> 10.023208 | M12: Conductive Nozzle Resistance Outside of Heat Block | N12: K/W | O12: =G19 -> 0.29643684 | Q12: Name | R12: Units | S12: Value
A13: Natural Air at top of heat block | B13: W/m^2K | C13: ='Natural and Forced Convection C'!S5 -> 4.5045031 | E13: Natural Convective Nozzle Resistance Outside of Heat Block | F13: K/W | G13: =1/(G9*G12) -> 5126.2271 | I13: In Parallel Conduction of Steel and Convection through neck of Heat Break 2 | J13: K/W | K13: =$G$95 -> 10.023208 | M13: Total Bottom Heat Out | N13: W | O13: =K50 -> 0.040572802 | Q13: Temperature Values
A14: Natural Air at bottom of nozzle | B14: W/m^2K | C14: ='Natural and Forced Convection C'!S6 -> 5.5195003 | E14: Cylindrical Conduction Resistance of Nozzle | I14: In Parallel Conduction of Steel and Convection through neck of Heat Break 3 | J14: K/W | K14: =$G$95 -> 10.023208 | M14: Bottom of Heat Block Temperature | N14: K | O14: =O11+O12*O13 -> 502.99742 | Q14: Ambient Temperature | R14: C | S14: =C7 -> 22
A15: Forced Air (from Fan) | B15: W/m^2K | C15: ='Natural and Forced Convection C'!S7 -> 54.430806 | E15: Inner Radius | F15: m | G15: =C27/1000 -> 0.001 | I15: In Parallel Conduction of Steel and Convection through neck of Heat Break 4 | J15: K/W | K15: =$G$95 -> 10.023208 | Q15: Bottom of Nozzle Temperature | R15: C | S15: =O9-273 -> 229.9854
A16: PLA Properties | E16: Outer Radius | F16: m | G16: =C28/1000 -> 0.0035 | I16: In Parallel Conduction of Steel and Convection through neck of Heat Break 5 | J16: K/W | K16: =$G$95 -> 10.023208 | M16: Temperature at Top of Heat Sink - TF24 | Q16: Bottom of Heat Block Temperature | R16: C | S16: =O14-273 -> 229.99742
A17: Density of PLA | B17: kg/m^3 | C17: 1240 | E17: Length | F17: m | G17: =C29/1000 -> 0.006 | I17: In Parallel Conduction of Steel and Aluminium through each Fin 1 | J17: K/W | K17: =G129 -> 0.84788501 | M17: Temperature of the Ambient Air | N17: K | O17: =C7+273 -> 295 | Q17: Heater Cartridge Temperature | R17: C | S17: =C6 -> 230
A18: Estimated Volumetric Flow Rate of PLA | B18: mm^3/s | C18: 15 | E18: Thermal Conducitvity of Brass | F18: W/mK | G18: =C10 -> 112.1 | I18: In Parallel Condunction of Steel and Aluminium and Convection through Gap 1 | J18: K/W | K18: =G130 -> 0.00036551636 | M18: Heat Sink Resistance per Gap for top 6 | N18: K/W | O18: =K40 -> 0.00036552613 | Q18: Bottom of Heat Break Temperature | R18: C | S18: =O70-273 -> 229.8495
A19: Specific Heat Capacity of PLA | B19: J/kgK | C19: 1800 | E19: Conductive Nozzle Resistance Outside of Heat Block | F19: K/W | G19: =LN((G16/G15))/(2*pi()*G17*G18) -> 0.29643684 | I19: In Parallel Conduction of Steel and Aluminium through each Fin 2 | J19: K/W | K19: =G129 -> 0.84788501 | M19: Total Top Heat Out | N19: W | O19: =K55 -> 3.4174012 | Q19: Top of Heat Block Temperature | R19: C | S19: =O65-273 -> 229.53794
A20: Temperature of unheated PLA | B20: C | C20: 22 | E20: In Series Convection and Conduction of Nozzle outside heatblock | G20: =G13+G19 -> 5126.5236 | I20: In Parallel Condunction of Steel and Aluminium and Convection through Gap 2 | J20: K/W | K20: =G130 -> 0.00036551636 | M20: Top of Heat Sink Temperature - TF24 | N20: K | O20: =O17+O18*O19 -> 295.00125 | Q20: THB 2 | S20: =O59-273 -> 195.28462
A21: Temperature of heated PLA | B21: C | C21: 230 | I21: In Parallel Conduction of Steel and Aluminium through each Fin 3 | J21: K/W | K21: =G129 -> 0.84788501 | Q21: THB 3 | S21: =O58-273 -> 161.03129
E22: In Parallel Conduction of Brass and Aluminium in Bottom Section of Heat Block | I22: In Parallel Condunction of Steel and Aluminium and Convection through Gap 3 | J22: K/W | K22: =G130 -> 0.00036551636 | M22: Temperature of all the Fins | Q22: THB 4 | S22: =O57-273 -> 126.77797
A23: Dimensions | I23: In Parallel Conduction of Steel and Aluminium through each Fin 4 | J23: K/W | K23: =G129 -> 0.84788501 | M23: Heat Sink Resistance per Fin for Top 5 | N23: K/W | O23: =K39 -> 0.93482664 | Q23: THB 5 | S23: =O56-273 -> 92.524645
E24: Cylindrical Conduction Resistance of Brass in Heat Block | I24: In Parallel Condunction of Steel and Aluminium and Convection through Gap 4 | J24: K/W | K24: =G130 -> 0.00036551636 | M24: Heat Sink Resistance per Gap for Top 6 | N24: K/W | O24: =K40 -> 0.00036552613 | Q24: TF1 - Bottom of Heat Sink | R24: C | S24: =O51-273 -> 58.27132
A25: Name | B25: Units | C25: Value | E25: Inner Radius | F25: m | G25: =C31/1000 -> 0.001 | I25: In Parallel Conduction of Steel and Aluminium through each Fin 5 | J25: K/W | K25: =G129 -> 0.84788501 | M25: Heat Sink Resistance per Fin for Top 7 | N25: K/W | O25: =K29 -> 0.84788501 | Q25: TF2 | R25: C | S25: =O50-273 -> 55.373757
A26: Nozzle Dimensions Outside of Heat Block (Modelled as Cylinder) | E26: Outer Radius | F26: m | G26: =C32/1000 -> 0.003 | I26: In Parallel Condunction of Steel and Aluminium and Convection through Gap 5 | J26: K/W | K26: =G130 -> 0.00036551636 | M26: Heat Sink Resistance per Gap for Top 6 | N26: K/W | O26: =K28 -> 0.00036551636 | Q26: TF3 | R26: C | S26: =O49-273 -> 55.372508
A27: Inner Radius | B27: mm | C27: 1 | E27: Length of bottom section | F27: m | G27: =C37/1000 -> 0.004 | I27: In Parallel Conduction of Steel and Aluminium through each Fin 6 | J27: K/W | K27: =G129 -> 0.84788501 | M27: Total Top Heat Out | N27: W | O27: =K55 -> 3.4174012 | Q27: TF4 | R27: C | S27: =O48-273 -> 52.474945
A28: Outer Radius | B28: mm | C28: 3.5 | E28: Thermal Conducitvity of Brass | F28: W/mK | G28: =C10 -> 112.1 | I28: In Parallel Condunction of Steel and Aluminium and Convection through Gap 6 | J28: K/W | K28: =G130 -> 0.00036551636 | M28: Top of Heat Sink Temperature - TF24 | N28: K | O28: =O20 -> 295.00125 | Q28: TF5 | R28: C | S28: =O47-273 -> 52.473696
A29: Length | B29: mm | C29: 6 | E29: Conductive Brass Resistance in Bottom Section Heat Block | F29: K/W | G29: =LN((G26/G25))/(2*pi()*G27*G28) -> 0.38994107 | I29: In Parallel Conduction of Steel and Aluminium through each Fin 7 | J29: K/W | K29: =G129 -> 0.84788501 | M29: TF23 | N29: K | O29: =O28+$O$27*$O$23 -> 298.19593 | P29: F12 | Q29: TF6 | R29: C | S29: =O46-273 -> 49.576133
A30: Nozzle Dimensions Inside of Heat Block (Modelled as Cylindrer) | E30: Flat Plate Conduction Resistance of aluminium bottom half of heat block | I30: In Parallel Conduction of Aluminium and Convection through the Gap 7 | J30: K/W | K30: =G132 -> 0.00036552613 | M30: TF22 | N30: K | O30: =O29+$O$27*$O$24 -> 298.19718 | Q30: TF7 | R30: C | S30: =O45-273 -> 49.574883
A31: Inner Radius | B31: mm | C31: 1 | E31: Thermal Conducitvity of Aluminium | F31: W/mK | G31: =C9 -> 155.3 | I31: Conduction of Aluminium through Fin 8 | J31: K/W | K31: =G131 -> 0.93482664 | M31: TF21 | N31: K | O31: =O30+$O$27*$O$23 -> 301.39185 | P31: F11 | Q31: TF8 | R31: C | S31: =O44-273 -> 46.67732
A32: Outer Radius | B32: mm | C32: 3 | E32: Length of bottom section | F32: m | G32: =C37/1000 -> 0.004 | I32: In Parallel Conduction of Aluminium and Convection through the Gap 8 | J32: K/W | K32: =G132 -> 0.00036552613 | M32: TF20 | N32: K | O32: =O31+$O$27*$O$24 -> 301.3931 | Q32: TF9 | R32: C | S32: =O43-273 -> 46.676071
A33: Heat Block Dimensions (Modelled as Flat Plate) | E33: Width | F33: m | G33: =C35/1000 -> 0.023 | I33: Conduction of Aluminium through Fin 9 | J33: K/W | K33: =G131 -> 0.93482664 | M33: TF19 | N33: K | O33: =O32+$O$27*$O$23 -> 304.58778 | P33: F10 | Q33: TF10 | R33: C | S33: =O42-273 -> 43.778508
A34: Cross-sectional Area Values (we will need to minus the area from the nozzle/heat break hole) | E34: Depth | F34: m | G34: =C36/1000 -> 0.016 | I34: In Parallel Conduction of Aluminium and Convection through the Gap 9 | J34: K/W | K34: =G132 -> 0.00036552613 | M34: TF18 | N34: K | O34: =O33+$O$27*$O$24 -> 304.58903 | Q34: TF11 | R34: C | S34: =O41-273 -> 43.777259 | U34: Distribution of Heat Through Heatblock and Nozzle | Z34: Distribution of Heat Through Heatbreak Neck | AF34: Distribution of Heat Through Heat Sink
A35: Width | B35: mm | C35: 23 | E35: Area of Rectangle | F35: m^2 | G35: =G34*G33 -> 0.000368 | I35: Conduction of Aluminium through Fin 10 | J35: K/W | K35: =G131 -> 0.93482664 | M35: TF17 | N35: K | O35: =O34+$O$27*$O$23 -> 307.78371 | P35: F9 | Q35: TF12 | R35: C | S35: =O40-273 -> 40.879696 | U35: Distance from the top (mm) | V35: Temperature (°C) | Z35: Distance from bottom of heat sink (mm) | AA35: Temperature (°C) | AF35: Distance from bottom of top of heat sink (mm) | AG35: Temperature (°C)
A36: Depth | B36: mm | C36: 16 | E36: Area of Cylinder | F36: m^2 | G36: =pi()*(G26)^2 -> 2.8274334e-05 | I36: In Parallel Conduction of Aluminium and Convection through the Gap 10 | J36: K/W | K36: =G132 -> 0.00036552613 | M36: TF16 | N36: K | O36: =O35+$O$27*$O$24 -> 307.78496 | Q36: TF13 | R36: C | S36: =O39-273 -> 40.878446 | U36: =0 -> 0 | V36: =S19 -> 229.53794 | Z36: 0 | AA36: =S24 -> 58.27132 | AF36: 0 | AG36: =S47 -> 22.001249
A37: Length of bottom section | B37: mm | C37: 4 | E37: Actual Area | F37: m^2 | G37: =G35-G36 -> 0.00033972567 | I37: Conduction of Aluminium through Fin 11 | J37: K/W | K37: =G131 -> 0.93482664 | M37: TF15 | N37: K | O37: =O36+$O$27*$O$23 -> 310.97963 | P37: F8 | Q37: TF14 | R37: C | S37: =O38-273 -> 37.980883 | U37: =C39 -> 5 | V37: =S18 -> 229.8495 | Z37: =C46 -> 0.42 | AA37: =S23 -> 92.524645 | AF37: =C55 -> 1.5 | AG37: =S46 -> 25.195927
A38: Length of middle section | B38: mm | C38: 2.5 | E38: Conductive Aluminium Resistance in Bottom Section Heat Block | F38: K/W | G38: =G32/(G31*G37) -> 0.075815879 | I38: In Parallel Conduction of Aluminium and Convection through the Gap 11 | J38: K/W | K38: =G132 -> 0.00036552613 | M38: TF14 | N38: K | O38: =O37+$O$27*$O$24 -> 310.98088 | Q38: TF15 | R38: C | S38: =O37-273 -> 37.979634 | U38: =U37+C38 -> 7.5 | V38: =S17 -> 230 | Z38: =Z37+C46 -> 0.84 | AA38: =S22 -> 126.77797 | AF38: =AF37+C56 -> 2.5 | AG38: =S45 -> 25.197176
A39: Length of top section | B39: mm | C39: 5 | E39: In Parallel Conduction of Brass and Aluminium in Bottom Section of Heat Block | G39: =((1/G29)+(1/G38))^(-1) -> 0.063474577 | I39: Conduction of Aluminium through Fin 12 | J39: K/W | K39: =G131 -> 0.93482664 | M39: TF13 | N39: K | O39: =O38+$O$27*$O$25 -> 313.87845 | P39: F7 | Q39: TF16 | R39: C | S39: =O36-273 -> 34.784956 | U39: =U38+C37 -> 11.5 | V39: =S16 -> 229.99742 | Z39: =Z38+C46 -> 1.26 | AA39: =S21 -> 161.03129 | AF39: =AF38+C55 -> 4 | AG39: =S44 -> 28.391854
A40: Heat Break Dimensions Inside of Heat Block (Modelled as Flat Plate but Cylindrical Area) | I40: In Parallel Conduction of Aluminium and Convection through the Gap 12 | J40: K/W | K40: =G132 -> 0.00036552613 | M40: TF12 | N40: K | O40: =O39+$O$27*$O$26 -> 313.8797 | Q40: TF17 | R40: C | S40: =O35-273 -> 34.783707 | U40: =U39+C29 -> 17.5 | V40: =S15 -> 229.9854 | Z40: =Z39+C46 -> 1.68 | AA40: =S20 -> 195.28462 | AF40: =AF39+C56 -> 5 | AG40: =S43 -> 28.393103
A41: Inner Radius | B41: mm | C41: 1 | E41: In Parallel Conduction of Brass and Aluminium in Middle Section of Heat Block | I41: Total Top Resistance | J41: K/W | K41: =SUM(K10:K40) -> 60.864964 | M41: TF11 | N41: K | O41: =O40+$O$27*$O$25 -> 316.77726 | P41: F6 | Q41: TF18 | R41: C | S41: =O34-273 -> 31.58903 | Z41: =Z40+C46 -> 2.1 | AA41: =S19 -> 229.53794 | AF41: =AF40+C55 -> 6.5 | AG41: =S42 -> 31.58778
A42: Outer Radius | B42: mm | C42: 3 | M42: TF10 | N42: K | O42: =O41+$O$27*$O$26 -> 316.77851 | Q42: TF19 | R42: C | S42: =O33-273 -> 31.58778 | AF42: =AF41+C56 -> 7.5 | AG42: =S41 -> 31.58903
A43: Heat Break Dimensions between Heat Block and Heat Sink (Modelled as Cylinder) | E43: Cylindrical Conduction Resistance of Brass in Middle Heat Block | I43: Total Heat Out (except Filament) | M43: TF09 | N43: K | O43: =O42+$O$27*$O$25 -> 319.67607 | P43: F5 | Q43: TF20 | R43: C | S43: =O32-273 -> 28.393103 | AF43: =AF42+C55 -> 9 | AG43: =S40 -> 34.783707
A44: Inner Radius | B44: mm | C44: 1 | E44: Inner Radius | F44: m | G44: =C31/1000 -> 0.001 | M44: TF08 | N44: K | O44: =O43+$O$27*$O$26 -> 319.67732 | Q44: TF21 | R44: C | S44: =O31-273 -> 28.391854 | AF44: =AF43+C56 -> 10 | AG44: =S39 -> 34.784956
A45: Outer Radius | B45: mm | C45: 1.48 | E45: Outer Radius | F45: m | G45: =C32/1000 -> 0.003 | I45: Name | J45: Units | K45: Value | M45: TF07 | N45: K | O45: =O44+$O$27*$O$25 -> 322.57488 | P45: F4 | Q45: TF22 | R45: C | S45: =O30-273 -> 25.197176 | AF45: =AF44+C55 -> 11.5 | AG45: =S38 -> 37.979634
A46: Step Length | B46: mm | C46: 0.42 | E46: Length of middle section | F46: m | G46: =C38/1000 -> 0.0025 | I46: Total Heat Out through the Bottom | M46: TF06 | N46: K | O46: =O45+$O$27*$O$26 -> 322.57613 | Q46: TF23 | R46: C | S46: =O29-273 -> 25.195927 | AF46: =AF45+C56 -> 12.5 | AG46: =S37 -> 37.980883
A47: Total Length | B47: mm | C47: 2.1 | E47: Thermal Conducitvity of Brass | F47: W/mK | G47: =C10 -> 112.1 | I47: Temperature of the Heater Cartridge | J47: K | K47: =C6+273 -> 503 | M47: TF05 | N47: K | O47: =O46+$O$27*$O$25 -> 325.4737 | P47: F3 | Q47: TF24 - Top of Heat Sink | R47: C | S47: =O28-273 -> 22.001249 | AF47: =AF46+C55 -> 14 | AG47: =S36 -> 40.878446
A48: Heat Break Dimensions inside Heat Sink (Modelled as Cylinder) | E48: Conductive Brass Resistance in Middle Section Heat Block | F48: K/W | G48: =LN((G45/G44))/(2*pi()*G46*G47) -> 0.62390571 | I48: Temperature of the Ambient Air | J48: K | K48: =C7+273 -> 295 | M48: TF04 | N48: K | O48: =O47+$O$27*$O$26 -> 325.47494 | Q48: Ambient Temperature | R48: C | S48: =C7 -> 22 | AF48: =AF47+C56 -> 15 | AG48: =S35 -> 40.879696
A49: Inner Radius | B49: mm | C49: 1 | E49: Flat Plate Conduction Resistance of aluminium middle of heat block | I49: Total Bottom Resistance | J49: K/W | K49: =K8 -> 5126.587 | M49: TF03 | N49: K | O49: =O48+$O$27*$O$25 -> 328.37251 | P49: F2 | AF49: =AF48+C55 -> 16.5 | AG49: =S34 -> 43.777259
A50: Outer Radius | B50: mm | C50: 3.5 | E50: Thermal Conducitvity of Aluminium | F50: W/mK | G50: =C9 -> 155.3 | I50: Total Bottom Heat Out | J50: W | K50: =(K47-K48)/K49 -> 0.040572802 | M50: TF02 | N50: K | O50: =O49+$O$27*$O$26 -> 328.37376 | AF50: =AF49+C56 -> 17.5 | AG50: =S33 -> 43.778508
A51: Heat Sink Dimensions (Modelled as Cylinder) | E51: Length of middle section | F51: m | G51: =C38/1000 -> 0.0025 | I51: Total Heat Out through the Top | M51: Bottom of Heat Sink Temperature - TF1 | N51: K | O51: =O50+$O$27*$O$25 -> 331.27132 | P51: F1 | AF51: =AF50+C55 -> 19 | AG51: =S32 -> 46.676071
A52: Inner Radius | B52: mm | C52: =average(2.1,3.5) -> 2.8 | E52: Width | F52: m | G52: =C35/1000 -> 0.023 | I52: Temperature of the Heater Cartridge | J52: K | K52: =C6+273 -> 503 | AF52: =AF51+C56 -> 20 | AG52: =S31 -> 46.67732
A53: Middle Radius | B53: mm | C53: 4 | E53: Depth | F53: m | G53: =C36/1000 -> 0.016 | I53: Temperature of the Ambient Air | J53: K | K53: =C7+273 -> 295 | M53: Temperature throughout Heatbreak Neck | AF53: =AF52+C55 -> 21.5 | AG53: =S30 -> 49.574883
A54: Outer Radius | B54: mm | C54: 11 | E54: Area of Rectangle | F54: m^2 | G54: =G53*G52 -> 0.000368 | I54: Total Top Resistance | J54: K/W | K54: =K41 -> 60.864964 | M54: Resistance through Step of Heatbreak | N54: K/W | O54: =K12 -> 10.023208 | AF54: =AF53+C56 -> 22.5 | AG54: =S29 -> 49.576133
A55: Length for Each Fin | B55: mm | C55: 1.5 | E55: Area of Cylinder | F55: m^2 | G55: =pi()*G45^2 -> 2.8274334e-05 | I55: Total Top Heat Out | J55: W | K55: =(K52-K53)/K54 -> 3.4174012 | M55: Total Top Heat out | N55: W | O55: =K55 -> 3.4174012 | AF55: =AF54+C55 -> 24 | AG55: =S28 -> 52.473696
A56: Length for Each Gap | B56: mm | C56: 1 | E56: Actual Area | F56: m^2 | G56: =G54-G55 -> 0.00033972567 | M56: TBH5 | N56: K | O56: =O51+$O$55*$O$54 -> 365.52464 | AF56: =AF55+C56 -> 25 | AG56: =S27 -> 52.474945
E57: Conductive Aluminium Resistance in Middle Section Heat Block | F57: K/W | G57: =G51/(G50*G56) -> 0.047384925 | I57: Total Heat Out (Filament) | M57: TBH4 | N57: K | O57: =O56+$O$55*$O$54 -> 399.77797 | AF57: =AF56+C55 -> 26.5 | AG57: =S26 -> 55.372508
A58: Heat Sink Interacts funs parallel with 7 fins and 6 Gaps | E58: In Parallel Conduction of Brass and Aluminium in Middle Section of Heat Block | G58: =((1/G48)+(1/G57))^(-1) -> 0.044040127 | M58: TBH3 | N58: K | O58: =O57+$O$55*$O$54 -> 434.03129 | AF58: =AF57+C56 -> 27.5 | AG58: =S25 -> 55.373757
I59: Mass Flowrate of PLA | M59: TBH2 | N59: K | O59: =O58+$O$55*$O$54 -> 468.28462 | AF59: =AF58+C56 -> 28.5 | AG59: =S24 -> 58.27132
E60: In Parallel Conduction of Steel and Aluminium in Top Section of Heat Block | I60: Density of PLA | J60: kg/m^3 | K60: =C17 -> 1240
I61: Volumetric Flow Rate of PLA | J61: m^3/s | K61: =C18/10^9 -> 1.5e-08 | M61: Temperature at Top of Heat Block
E62: Cylindrical Conduction Resistance of steel top half of heat block | I62: Mass Flowrate | J62: kg/s | K62: =K61*K60 -> 1.86e-05 | M62: TBH02 | N62: K | O62: =O59 -> 468.28462
E63: Inner Radius | F63: m | G63: =C41/1000 -> 0.001 | I63: Total Heat Out through Filament | M63: In Parallel Conduction of Steel and Convection through neck of Heat Break | N63: K/W | O63: =K12 -> 10.023208
E64: Outer Radius | F64: m | G64: =C42/1000 -> 0.003 | I64: Mass Flowrate | J64: kg/s | K64: =K62 -> 1.86e-05 | M64: Total Top Heat Out | N64: W | O64: =K55 -> 3.4174012
E65: Length of top section | F65: m | G65: =C39/1000 -> 0.005 | I65: Specifc Heat Capacity of PLA | J65: J/kgK | K65: =C19 -> 1800 | M65: Top of Heat Block Temperature | N65: K | O65: =O62+O63*O64 -> 502.53794
E66: Thermal Conducitvity of Stainless Steel | F66: W/mK | G66: =C11 -> 14.58 | I66: Temperature Unheated PLA | J66: K | K66: =C20+273 -> 295 | M66: Temperature at Bottom of Heat Break
E67: Conductive Stell Resistance in Top Section Heat Block | F67: K/W | G67: =LN((G64/G63))/(2*pi()*G65*G66) -> 2.3984853 | I67: Temperature Heated PLA | J67: K | K67: =C21+273 -> 503 | M67: Bottom of Heat Sink Temperature | N67: K | O67: =O65 -> 502.53794
E68: Flat Plate Conduction Resistance of aluminium top half of heat block | I68: Total Filament Heat Out | J68: W | K68: =K64*K65*(K67-K66) -> 6.96384 | M68: In Parallel Conduction of Steel and Aluminium in Top Section of Heat Block | N68: K/W | O68: =K11 -> 0.091167601
E69: Thermal Conducitvity of Aluminium | F69: W/mK | G69: =C9 -> 155.3 | M69: Total Top Heat Out | N69: W | O69: =K55 -> 3.4174012
E70: Length of top section | F70: m | G70: =C39/1000 -> 0.005 | I70: Total Heat In (Heater Cartridge) | M70: Top of Heat Block Temperature | N70: K | O70: =O67+O68*O69 -> 502.8495
E71: Width | F71: m | G71: =C35/1000 -> 0.023
E72: Depth | F72: m | G72: =C36/1000 -> 0.016 | I72: Name | J72: Units | K72: Value
E73: Area of Rectangle | F73: m^2 | G73: =G71*G72 -> 0.000368 | I73: Total Heat Out through the Bottom
E74: Area of Cylinder | F74: m^2 | G74: =pi()*G64^2 -> 2.8274334e-05 | I74: Total Bottom Heat Out | J74: W | K74: =K50 -> 0.040572802
E75: Actual Area | F75: m^2 | G75: =G73-G74 -> 0.00033972567 | I75: Total Top Heat Out | J75: W | K75: =K55 -> 3.4174012
E76: Conductive Aluminium Resistance in Top Section Heat Block | F76: K/W | G76: =G70/(G69*G75) -> 0.094769849 | I76: Total Filament Heat Out | J76: W | K76: =K68 -> 6.96384
E77: In Parallel Conduction of Steel and Aluminium in Top Section of Heat Block | G77: =((1/G67)+(1/G76))^(-1) -> 0.091167601 | I77: Total Heat In | J77: W | K77: =SUM(K74:K76) -> 10.421814
E79: In Parallel Conduction of Steel and Convection through neck of Heat Break
E81: Cylindrical Conduction Resistance of Heat Break | I81: Working out the Volumetric Flow Rate assuming H_in = 30W
E82: Inner Radius | F82: m | G82: =C44/1000 -> 0.001
E83: Outer Radius | F83: m | G83: =C45/1000 -> 0.00148 | I83: Name | J83: Units | K83: Value
E84: Length | F84: m | G84: =C46/1000 -> 0.00042 | I84: Calculate Mass Flow Rate
E85: Thermal Conducitvity of Stainless Steel | F85: W/mK | G85: =C11 -> 14.58 | I85: Remaining Total Heat In | J85: W | K85: =30-K74-K75 -> 26.542026
E86: Conductive Heat Break Resistance | F86: K/W | G86: =LN((G83/G82))/(2*pi()*G84*G85) -> 10.189339 | I86: Specifc Heat Capacity of PLA | J86: J/kgK | K86: =C19 -> 1800
E87: Natural Cylindrical Convection Resistance between Heat Block and Heat Sink | I87: Temperature Unheated PLA | J87: K | K87: =C20+273 -> 295
E88: Forced Convective Top Air Heat Transfer Coefficient | F88: W/m^2K | G88: =C13 -> 4.5045031 | I88: Temperature Heated PLA | J88: K | K88: =C21+273 -> 503
E89: Width | F89: m | G89: =C35/1000 -> 0.023 | I89: Mass Flowrate | J89: kg/s | K89: =K85/(K86*(K88-K87)) -> 7.0892164e-05
E90: Depth | F90: m | G90: =C36/1000 -> 0.016 | I90: Calculate Volumetric Flow Rate
E91: Area of Rectangle | F91: m^2 | G91: =G90*G89 -> 0.000368 | I91: Mass Flowrate | J91: kg/s | K91: =K89 -> 7.0892164e-05
E92: Area of Cylinder | F92: m^2 | G92: =pi()*G83^2 -> 6.8813445e-06 | I92: Density of PLA | J92: kg/m^3 | K92: =C17 -> 1240
E93: Actual Area | F93: m^2 | G93: =G91-G92 -> 0.00036111866 | I93: Volumetric Flowrate of PLA | J93: m^3/s | K93: =K91/K92 -> 5.71711e-08
E94: Natural Convective Resistance through neck of Heat Break | F94: K/W | G94: =1/(G88*G93) -> 614.75657 | I94: Volumetric Flowrate of PLA | J94: mm^3/s | K94: =K93*10^9 -> 57.1711
E95: In Parallel Conduction of Steel and Convection through neck of Heat Break | G95: =((1/G86)+(1/G94))^(-1) -> 10.023208
I96: Heat Out only through the PLA | J96: Volumetric Flowrate of PLA (mm^3/s) | K96: Heat Out through top, bottom and PLA | L96: Volumetric Flowrate of PLA (mm^3/s) | O96: Distance from bottom of hotend (mm) | P96: Temperature (°C)
E97: In Parallel Conduction of Steel, Conduction of Aluminium and Convection through first 7 fins of Heat Sink (note same thing but without steel for the last 5 fins) | I97: 0 | J97: =((I97/($K$86*($K$88-$K$87)))/$K$92)*10^9 -> 0 | K97: =I97-$K$74-$K$75 -> -3.457974 | L97: =((K97/($K$86*($K$88-$K$87)))/$K$92)*10^9 -> -7.4484206 | O97: 0 | P97: =S18 -> 229.8495
I98: 1 | J98: =((I98/($K$86*($K$88-$K$87)))/$K$92)*10^9 -> 2.153984 | K98: =I98-$K$74-$K$75 -> -2.457974 | L98: =((K98/($K$86*($K$88-$K$87)))/$K$92)*10^9 -> -5.2944366 | O98: 5 | P98: =S19 -> 229.53794
E99: Cylindrical Conduction Resistance aluminium through each Fin of Heat Sink | I99: 2 | J99: =((I99/($K$86*($K$88-$K$87)))/$K$92)*10^9 -> 4.307968 | K99: =I99-$K$74-$K$75 -> -1.457974 | L99: =((K99/($K$86*($K$88-$K$87)))/$K$92)*10^9 -> -3.1404526 | O99: =O98+0.42 -> 5.42 | P99: =S20 -> 195.28462
E100: Inner Radius | F100: m | G100: =C52/1000 -> 0.0028 | I100: 3 | J100: =((I100/($K$86*($K$88-$K$87)))/$K$92)*10^9 -> 6.461952 | K100: =I100-$K$74-$K$75 -> -0.45797397 | L100: =((K100/($K$86*($K$88-$K$87)))/$K$92)*10^9 -> -0.98646861 | O100: =O99+0.42 -> 5.84 | P100: =S21 -> 161.03129
E101: Outer Radius | F101: m | G101: =C54/1000 -> 0.011 | I101: 4 | J101: =((I101/($K$86*($K$88-$K$87)))/$K$92)*10^9 -> 8.615936 | K101: =I101-$K$74-$K$75 -> 0.54202603 | L101: =((K101/($K$86*($K$88-$K$87)))/$K$92)*10^9 -> 1.1675154 | O101: =O100+0.42 -> 6.26 | P101: =S22 -> 126.77797
E102: Length | F102: m | G102: =C55/1000 -> 0.0015 | I102: 5 | J102: =((I102/($K$86*($K$88-$K$87)))/$K$92)*10^9 -> 10.76992 | K102: =I102-$K$74-$K$75 -> 1.542026 | L102: =((K102/($K$86*($K$88-$K$87)))/$K$92)*10^9 -> 3.3214994 | O102: =O101+0.42 -> 6.68 | P102: =S23 -> 92.524645
E103: Thermal Conducitvity of Aluminium | F103: W/mK | G103: =C9 -> 155.3 | I103: 6 | J103: =((I103/($K$86*($K$88-$K$87)))/$K$92)*10^9 -> 12.923904 | K103: =I103-$K$74-$K$75 -> 2.542026 | L103: =((K103/($K$86*($K$88-$K$87)))/$K$92)*10^9 -> 5.4754834 | O103: =O102+0.42 -> 7.1 | P103: =S24 -> 58.27132
E104: Aluminium Conductive Heat Sink Resistance per Fin | F104: K/W | G104: =LN((G101/G100))/(2*pi()*G102*G103) -> 0.93482664 | I104: 7 | J104: =((I104/($K$86*($K$88-$K$87)))/$K$92)*10^9 -> 15.077888 | K104: =I104-$K$74-$K$75 -> 3.542026 | L104: =((K104/($K$86*($K$88-$K$87)))/$K$92)*10^9 -> 7.6294674 | O104: =O103+1.5 -> 8.6 | P104: =S25 -> 55.373757
...

Sheet Heat Break Performance
A3: Distance from bottom of heat break (mm) | B3: Distance from bottom of heat break (mm) | C3: Temperature (deg Celcius) | E3: Distance from bottom of hotend (mm) | F3: Temperature (°C)
A4: 0 | B4: =A4*1000 -> 0 | C4: 229.12 | E4: 0 | F4: 229.8495
A5: 0.00046042 | B5: =A5*1000 -> 0.46042 | C5: 228.9 | E5: 5 | F5: 229.53794
A6: 0.00092083 | B6: =A6*1000 -> 0.92083 | C6: 228.57 | E6: 5.42 | F6: 195.28462
A7: 0.0013812 | B7: =A7*1000 -> 1.3812 | C7: 228.12 | E7: 5.84 | F7: 161.03129
A8: 0.0018417 | B8: =A8*1000 -> 1.8417 | C8: 227.49 | E8: 6.26 | F8: 126.77797
A9: 0.0023021 | B9: =A9*1000 -> 2.3021 | C9: 226.66 | E9: 6.68 | F9: 92.524645
A10: 0.0027625 | B10: =A10*1000 -> 2.7625 | C10: 225.83 | E10: 7.1 | F10: 58.27132
A11: 0.0032229 | B11: =A11*1000 -> 3.2229 | C11: 224.1 | E11: 8.6 | F11: 55.373757
A12: 0.0036833 | B12: =A12*1000 -> 3.6833 | C12: 221.29 | E12: 9.6 | F12: 55.372508
A13: 0.0041437 | B13: =A13*1000 -> 4.1437 | C13: 215.5 | E13: 11.1 | F13: 52.474945
A14: 0.0046042 | B14: =A14*1000 -> 4.6042 | C14: 205.77 | E14: 12.1 | F14: 52.473696
A15: 0.0050646 | B15: =A15*1000 -> 5.0646 | C15: 190.05 | E15: 13.6 | F15: 49.576133
... A23: 0.0087479 | B23: =A23*1000 -> 8.7479 | C23: 53.027 | E23: 23.6 | F23: 37.980883
A24: 0.0092083 | B24: =A24*1000 -> 9.2083 | C24: 50.594
A25: 0.0096688 | B25: =A25*1000 -> 9.6688 | C25: 49.517
A26: 0.010129 | B26: =A26*1000 -> 10.129 | C26: 48.296
A27: 0.01059 | B27: =A27*1000 -> 10.59 | C27: 47.246
A28: 0.01105 | B28: =A28*1000 -> 11.05 | C28: 46.384
A29: 0.01151 | B29: =A29*1000 -> 11.51 | C29: 45.732
A30: 0.011971 | B30: =A30*1000 -> 11.971 | C30: 45.294
A31: 0.012431 | B31: =A31*1000 -> 12.431 | C31: 44.901
A32: 0.012892 | B32: =A32*1000 -> 12.892 | C32: 44.525
A33: 0.013352 | B33: =A33*1000 -> 13.352 | C33: 44.18
A34: 0.013813 | B34: =A34*1000 -> 13.813 | C34: 43.872
A35: 0.014273 | B35: =A35*1000 -> 14.273 | C35: 43.602
... A52: 0.0221 | B52: =A52*1000 -> 22.1 | C52: 42.875

Sheet Solution 0
A3: Forced Convection around Heat Sink | E3: Free/Natural Convection around the Heat Block | I3: Conduction from heat cartridge to heat block
A5: Name | B5: Units | C5: Value | E5: Name | F5: Units | G5: Value | I5: Name | J5: Units | K5: Value
A6: Calculate AIrflow Rate | E6: Calculate Grashof's Number | I6: Calculate Heat Input Required
A7: Fan Airflow | B7: m^3/h | C7: 8.2 | E7: Gravitational Acceleration (g) | F7: m/s^2 | G7: 9.81 | I7: Width (W) | J7: m | K7: =23/1000 -> 0.023
A8: Fan Airflow | B8: m^3/s | C8: =C7/3600 -> 0.0022777778 | E8: Volume Exansion Coefficient (beta) | F8: m^3/s | G8: =1/AVERAGE(G9:G10) -> 0.0025062657 | I8: Depth (D) | J8: m | K8: =16/1000 -> 0.016
A9: Fan Diameter | B9: m | C9: =37/1000 -> 0.037 | E9: Surface Temperature (Ts) | F9: K | G9: =230+273 -> 503 | I9: Cross-sectional Area (A) | J9: m^2 | K9: =K8*K7 -> 0.000368
A10: Area of the fan | B10: m^2 | C10: =pi()*(C9/2)^2 -> 0.0010752101 | E10: Ambient Temperature (Tinfinity) | F10: K | G10: =22+273 -> 295 | I10: Thermal Conductivity of Aluminium (k) | J10: W/mK | K10: 155.3
A11: Airflow rate | B11: m/s | C11: =C8/C10 -> 2.118449 | E11: Length of hotend (L) | F11: m | G11: =23/1000 -> 0.023 | I11: Convection Heat Transfer Coefficient (h) | J11: W/m^2K | K11: =G35 -> 8.8768176
A12: Calculate Prandtl's Number | E12: Width of hotend (W) | F12: m | G12: =16/1000 -> 0.016 | I12: Length to top of heat block from heat cartridge (Lt) | J12: m | K12: =7.5/1000 -> 0.0075
A13: Air Kinematic Viscosity (nu) | B13: m^2/s | C13: 1.524e-05 | E13: Cross-sectional Area (A) | F13: m^2 | G13: =G12*G11 -> 0.000368 | I13: Length to bottom of heat block from heat cartridge (Lb) | J13: m | K13: =4/1000 -> 0.004
A14: Thermal Conductivity (k) | B14: W/mK | C14: 0.02582 | E14: Perimeter (P) | F14: m | G14: =2*(G12+G11) -> 0.078 | I14: Resistance to bottom cond (Rbcd) | J14: K/W | K14: =K13/(K10*K9) -> 0.069990761
A15: Air Density (rho) | B15: kg/m^3 | C15: 1.196 | E15: Critical Length (Lc) | F15: m | G15: =G13/G14 -> 0.0047179487 | I15: Resistance to bottom conv (Rbcv) | J15: K/W | K15: =1/(K11*K9) -> 306.12224
A16: Specific Heat Coefficient (cp) | B16: J/kg K | C16: =1.006*1000 -> 1006 | E16: Air Kinematic Viscosity (nu) | F16: m^2/s | G16: =C13 -> 1.524e-05 | I16: Resistance to top cond (Rtcd) | J16: K/W | K16: =K12/(K10*K9) -> 0.13123268
A17: Air Thermal Diffusivity (alpha) | B17: m^2/s | C17: =(C14)/(C15*C16) -> 2.145987e-05 | E17: Grashof's Number (Gr) | F17: Dimensionless | G17: =(G7*G8*(G9-G10)*(G15^3))/((G16^2)) -> 2312.3265 | I17: Resistance to top conv (Rtcv) | J17: K/W | K17: =K15 -> 306.12224
A18: Prandtl's Number (Pr) | B18: Dimensionless | C18: =C13/C17 -> 0.71016275 | E18: Calculate Prandtl's Number | I18: Total Resistance to bottom air (Rb) | J18: K/W | K18: =K14+K15 -> 306.19223
A19: Calculate Reynold's Number | E19: Air Kinematic Viscosity (nu) | F19: m^2/s | G19: =C13 -> 1.524e-05 | I19: Total Resistance to top air (Rt) | J19: K/W | K19: =K16+K17 -> 306.25348
A20: Air Density (rho) | B20: kg/m^3 | C20: =C15 -> 1.196 | E20: Thermal Conductivity (k) | F20: W/mK | G20: =C14 -> 0.02582 | I20: Temperature of heat cartridge (T_hc) | J20: K | K20: =230+273 -> 503
A21: Velocity (U) | B21: m/s | C21: =C11 -> 2.118449 | E21: Air Density (rho) | F21: kg/m^3 | G21: =C15 -> 1.196 | I21: Ambient Temperature (Tinfinity) | J21: K | K21: =22+273 -> 295
A22: Diameter (D) | B22: m | C22: =C9 -> 0.037 | E22: Specific Heat Coefficient (cp) | F22: J/kg K | G22: =C16 -> 1006 | I22: Heat Output through the bottom (Qbot) | J22: W | K22: =((K20-K21)/(K18)) -> 0.67931181
A23: Dynamic viscosity (mu) | B23: kg/ms | C23: 1.822e-05 | E23: Air Thermal Diffusivity (alpha) | F23: m^2/s | G23: =C17 -> 2.145987e-05 | I23: Heat Output through the top (Qtop) | J23: W | K23: =((K20-K21)/(K19)) -> 0.67917596
A24: Reynold's Number (Re) | B24: Dimensionless | C24: =(C15*C21*C22)/(C23) -> 5145.2035 | E24: Prandtl's Number (Pr) | F24: Dimensionless | G24: =G19/G23 -> 0.71016275 | I24: Heat Input (Q) | J24: W | K24: =SUM(K22:K23) -> 1.3584878
A25: Calculate the Nussult Number | E25: Calculate Rayleigh's Number | I25: Calculate the temperature at the top and bottom surface of the heat block
A26: Assumptions | E26: Rayleighs's Number (Ra) | F26: Dimensionless | G26: =G17*G24 -> 1642.1282 | I26: Temperature at the bottom of the hot end | J26: K | K26: =K20-K22*K14 -> 502.95245
A27: Geometry: | B27: Cylinder | E27: Calculate the Nussult Number | I27: Temperature at the top of the hot end | J27: K | K27: =K20-K23*K16 -> 502.91087
A28: Condition: | B28: Average, T_film,Re_D*Pr>= 0.2 | E28: Assumptions | I28: Calculate the temperature gradient from the heat cartridge to the bottom
A29: Nussult Number (Nu) | B29: Dimensionless | C29: =0.3+(0.62*(C24^(1/2))*(C18^(1/3))*((1+(0.4/C18)^(2/3))^(-1/4))*((1+(C24/282000)^(5/8))^(4/5))) -> 37.40507 | E29: Geometry: | F29: Vertical Plate | I29: Temp at Heat Catridge | J29: K | K29: =K20 -> 503
A30: Calculate the Heat Transfer Coefficient | E30: Formula | F30: Churchill and Chu Correlation for Ra <= 10^9 | I30: Temp at bottom of hotend | J30: K | K30: =K26 -> 502.95245
A31: Diameter (D) | B31: m | C31: =C9 -> 0.037 | E31: Nussult Number (Nu) | F31: Dimensionless | G31: =0.68+((0.67*(G26)^(1/4))/(1+(0.492/G24)^(9/16))^(4/9)) -> 3.9536562 | I31: Distance | J31: m | K31: =K13 -> 0.004
A32: Thermal Conductivity (k) | B32: W/mK | C32: =C14 -> 0.02582 | E32: Calculate the Heat Transfer Coefficient | I32: Rate of change | J32: K/m | K32: =(K29-K30)/K31 -> 11.886388
A33: Convection Heat Transfer Coefficient (h) | B33: W/m^2K | C33: =C29*C32/C31 -> 26.102673 | E33: Length (L) | F33: m | G33: =G11/2 -> 0.0115 | I33: Calculate the temperature gradient from the heat cartridge to the top
E34: Thermal Conductivity (k) | F34: W/mK | G34: =C32 -> 0.02582 | I34: Temp at Heat Catridge | J34: K | K34: =K20 -> 503
E35: Convection Heat Transfer Coefficient (h) | F35: W/m^2K | G35: =G31*G34/G33 -> 8.8768176 | I35: Temp at top of hotend | J35: K | K35: =K27 -> 502.91087
I36: Distance | J36: m | K36: =K12 -> 0.0075
I37: Rate of change | J37: K/m | K37: =(K34-K35)/K36 -> 11.884011
I39: Distance (m) | J39: Temperature
I40: 0 | J40: =K29 -> 503
I41: 0.0005 | J41: =$K$29-$K$32*I41 -> 502.99406
I42: 0.001 | J42: =$K$29-$K$32*I42 -> 502.98811
I43: 0.0015 | J43: =$K$29-$K$32*I43 -> 502.98217
I44: 0.002 | J44: =$K$29-$K$32*I44 -> 502.97623
I45: 0.0025 | J45: =$K$29-$K$32*I45 -> 502.97028
I46: 0.003 | J46: =$K$29-$K$32*I46 -> 502.96434
I47: 0.0035 | J47: =$K$29-$K$32*I47 -> 502.9584
I48: 0.004 | J48: =$K$29-$K$32*I48 -> 502.95245

Sheet Solution 1
A2: Initial Inputs | E2: Individiual Resistance | I2: Total Resistance | M2: Temperature at Different Points | Q2: Final Values Summary
A4: Name | B4: Units | C4: Value | E4: Name | F4: Units | G4: Value | I4: Name | J4: Units | K4: Value | M4: Name | N4: Units | O4: Value | Q4: Name | R4: Units | S4: Value
A5: Initial Temperatures | E5: Natural Convection Resistance between Nozzle and Ambient Air | I5: Total Resistance through the Bottom | M5: Temperature at Bottom of Nozzle | Q5: Heat Balance
A6: Temperature of the Heater Cartridge | B6: C | C6: 230 | E6: Natural Convective Air Heat Transfer Coefficient | F6: W/m^2K | G6: =C13 -> 5.5195003 | I6: Convective Nozzle Resistance | J6: K/W | K6: =G10 -> 5126.2271 | M6: Temperature of the Ambient Air | N6: K | O6: =C7+273 -> 295 | Q6: Total Heat In | R6: W | S6: =K51 -> 9.5913783
A7: Temperature of the Ambient AIr | B7: C | C7: 22 | E7: Inner Radius | F7: m | G7: =C26/1000 -> 0.001 | I7: Conductive Nozzle Resistance | J7: K/W | K7: =G16 -> 0.29643684 | M7: Convective Nozzle Resistance | N7: K/W | O7: =G10 -> 5126.2271 | Q7: Total Heat Out through Bottom | R7: W | S7: =K24 -> 0.04057275
A8: Thermal Conductivity | E8: Outer Radius | F8: m | G8: =C27/1000 -> 0.0035 | I8: Conductive bottom half of heat block resistance | J8: K/W | K8: =G23 -> 0.069990761 | M8: Total Bottom Heat Out | N8: W | O8: =K24 -> 0.04057275 | Q8: Total Heat Out through Top | R8: W | S8: =K29 -> 3.8592056
A9: Alumnium | B9: W/mK | C9: 155.3 | E9: Area of nozzle | F9: m^2 | G9: =pi()*(G8^2-G7^2) -> 3.5342917e-05 | I9: Total Bottom Resistance | J9: K/W | K9: =SUM(K6:K8) -> 5126.5935 | M9: Bottom of Nozzle Temperature | N9: K | O9: =O6+O7*O8 -> 502.98513 | Q9: Total Heat Out through Filament | R9: W | S9: =K42 -> 5.6916
A10: Brass | B10: W/mK | C10: 112.1 | E10: Convective Nozzle Resistance | F10: K/W | G10: =1/(G6*G9) -> 5126.2271 | I10: Total Resistance through the Top | M10: Temperature at Bottom of Heat Block | Q10: Check | S10: =S6-SUM(S7:S9) -> 0
A11: Stainless Steel | B11: W/mK | C11: 14.58 | E11: Cylindrical Conduction Resistance of Nozzle | I11: Conductive top half of heat block resistance | J11: K/W | K11: =G30 -> 0.13123268 | M11: Bottom of Nozzle Temperature | N11: K | O11: =O9 -> 502.98513
A12: Convective Heat Transfer Coefficient | E12: Inner Radius | F12: m | G12: =C26/1000 -> 0.001 | I12: Conductive Heat Break Resistance | J12: K/W | K12: =G36 -> 2.0378678 | M12: Conductive Nozzle Resistance | N12: K/W | O12: =G16 -> 0.29643684 | Q12: Name | R12: Units | S12: Value
A13: Natural Air at bottom of nozzle | B13: W/m^2K | C13: ='Natural and Forced Convection C'!S6 -> 5.5195003 | E13: Outer Radius | F13: m | G13: =C27/1000 -> 0.0035 | I13: Conductive Heat Sink Resistance | J13: K/W | K13: =G42 -> 0.049201402 | M13: Total Bottom Heat Out | N13: W | O13: =K24 -> 0.04057275 | Q13: Temperature Values
A14: Forced Air (from Fan) | B14: W/m^2K | C14: ='Natural and Forced Convection C'!S7 -> 54.430806 | E14: Length | F14: m | G14: =C28/1000 -> 0.006 | I14: Convective Heat Sink Resistance | J14: K/W | K14: =G48 -> 51.678801 | M14: Bottom of Heat Block Temperature | N14: K | O14: =O11+O12*O13 -> 502.99716 | Q14: Ambient Temperature | R14: C | S14: =C7 -> 22
A15: PLA Properties | E15: Thermal Conducitvity of Brass | F15: W/mK | G15: =C10 -> 112.1 | I15: Total Top Resistance | J15: K/W | K15: =SUM(K11:K14) -> 53.897103 | Q15: Bottom of Nozzle Temperature | R15: C | S15: =O9-273 -> 229.98513
A16: Density of PLA | B16: kg/m^3 | C16: 1240 | E16: Conductive Nozzle Resistance | F16: K/W | G16: =LN((G13/G12))/(2*pi()*G14*G15) -> 0.29643684 | M16: Temperature at Top of Heat Sink | Q16: Bottom of Heat Block Temperature | R16: C | S16: =O14-273 -> 229.99716
A17: Estimated Volumetric Flow Rate of PLA | B17: mm^3/s | C17: 15 | E17: Flat Plate Conduction Resistance of bottom half of heat block | I17: Total Heat Out (except Filament) | M17: Temperature of the Ambient Air | N17: K | O17: =C7+273 -> 295 | Q17: Heater Cartridge Temperature | R17: C | S17: =C6 -> 230
A18: Specific Heat Capacity of PLA | B18: J/kgK | C18: 1800 | E18: Thermal Conducitvity of Aluminium | F18: W/mK | G18: =C9 -> 155.3 | M18: Convective Heat Sink Resistance | N18: K/W | O18: =G48 -> 51.678801 | Q18: Top of Heat Block Temperature | R18: C | S18: =O30-273 -> 229.49355
A19: Temperature of unheated PLA | B19: C | C19: 60 | E19: Length | F19: m | G19: =C34/1000 -> 0.004 | I19: Name | J19: Units | K19: Value | M19: Total Top Heat Out | N19: W | O19: =K29 -> 3.8592056 | Q19: Bottom of Heat Sink Temperature | R19: C | S19: =O25-273 -> 221.629
A20: Temperature of heated PLA | B20: C | C20: 230 | E20: Width | F20: m | G20: =C31/1000 -> 0.023 | I20: Total Heat Out through the Bottom | M20: Top of Heat Sink Temperature | N20: K | O20: =O17+O18*O19 -> 494.43912 | Q20: Top of Heat Sink Temperature | R20: C | S20: =O20-273 -> 221.43912
E21: Depth | F21: m | G21: =C32/1000 -> 0.016 | I21: Temperature of the Heater Cartridge | J21: K | K21: =C6+273 -> 503 | M21: Temperature at Bottom of Heat Sink | Q21: Ambient Temperature | R21: C | S21: =C7 -> 22
A22: Dimensions | E22: Area | F22: m^2 | G22: =G21*G20 -> 0.000368 | I22: Temperature of the Ambient Air | J22: K | K22: =C7+273 -> 295 | M22: Top of Heat Sink Temperature | N22: K | O22: =O20 -> 494.43912
E23: Conductive bottom half of heat block resistance | F23: K/W | G23: =G19/(G18*G22) -> 0.069990761 | I23: Total Bottom Resistance | J23: K/W | K23: =K9 -> 5126.5935 | M23: Conductive Heat Sink Resistance | N23: K/W | O23: =G42 -> 0.049201402
A24: Name | B24: Units | C24: Value | E24: Flat Plate Conduction Resistance of top half of heat block | I24: Total Bottom Heat Out | J24: W | K24: =(K21-K22)/K23 -> 0.04057275 | M24: Total Top Heat Out | N24: W | O24: =K29 -> 3.8592056
A25: Nozzle Dimensions (Modelled as Cylinder) | E25: Thermal Conducitvity of Aluminium | F25: W/mK | G25: =C9 -> 155.3 | I25: Total Heat Out through the Top | M25: Bottom of Heat Sink Temperature | N25: K | O25: =O22+O23*O24 -> 494.629
A26: Inner Radius | B26: mm | C26: 1 | E26: Length | F26: m | G26: =C35/1000 -> 0.0075 | I26: Temperature of the Heater Cartridge | J26: K | K26: =C6+273 -> 503 | M26: Temperature at Top of Heat Block
A27: Outer Radius | B27: mm | C27: 3.5 | E27: Width | F27: m | G27: =C31/1000 -> 0.023 | I27: Temperature of the Ambient Air | J27: K | K27: =C7+273 -> 295 | M27: Bottom of Heat Sink Temperature | N27: K | O27: =O25 -> 494.629
A28: Length | B28: mm | C28: 6 | E28: Depth | F28: m | G28: =C32/1000 -> 0.016 | I28: Total Top Resistance | J28: K/W | K28: =K15 -> 53.897103 | M28: Conductive Heat Break Resistance | N28: K/W | O28: =G36 -> 2.0378678
A29: Heat Block Dimensions (Modelled as Flat Plate) | E29: Area | F29: m^2 | G29: =G27*G28 -> 0.000368 | I29: Total Top Heat Out | J29: W | K29: =(K26-K27)/K28 -> 3.8592056 | M29: Total Top Heat Out | N29: W | O29: =K29 -> 3.8592056
A30: Cross-sectional Area Values | E30: Conductive top half of heat block resistance | F30: K/W | G30: =G26/(G25*G29) -> 0.13123268 | M30: Top of Heat Block Temperature | N30: K | O30: =O27+O28*O29 -> 502.49355
A31: Width | B31: mm | C31: 23 | E31: Cylindrical Conduction Resistance of Heat Break | I31: Total Heat Out (Filament)
A32: Depth | B32: mm | C32: 16 | E32: Inner Radius | F32: m | G32: =C37/1000 -> 0.001
A33: Lengths | E33: Outer Radius | F33: m | G33: =C38/1000 -> 0.00148 | I33: Mass Flowrate of PLA
A34: Length from center of heater cartridge to bottom | B34: mm | C34: 4 | E34: Length | F34: m | G34: =C39/1000 -> 0.0021 | I34: Density of PLA | J34: kg/m^3 | K34: =C16 -> 1240
A35: Length from center of heater cartridge to top | B35: mm | C35: 7.5 | E35: Thermal Conducitvity of Stainless Steel | F35: W/mK | G35: =C11 -> 14.58 | I35: Volumetric Flow Rate of PLA | J35: m^3/s | K35: =C17/10^9 -> 1.5e-08
A36: Heat Break Dimensions (Modelled as Cylinder) | E36: Conductive Heat Break Resistance | F36: K/W | G36: =LN((G33/G32))/(2*pi()*G34*G35) -> 2.0378678 | I36: Mass Flowrate | J36: kg/s | K36: =K35*K34 -> 1.86e-05
A37: Inner Radius | B37: mm | C37: 1 | E37: Cylindrical Conduction Resistance of Heat Sink | I37: Total Heat Out through Filament
A38: Outer Radius | B38: mm | C38: 1.48 | E38: Inner Radius | F38: m | G38: =C41/1000 -> 0.0028 | I38: Mass Flowrate | J38: kg/s | K38: =K36 -> 1.86e-05
A39: Length | B39: mm | C39: 2.1 | E39: Outer Radius | F39: m | G39: =C42/1000 -> 0.011 | I39: Specifc Heat Capacity of PLA | J39: J/kgK | K39: =C18 -> 1800
A40: Heat Sink Dimensions (Modelled as Cylinder) | E40: Length | F40: m | G40: =C43/1000 -> 0.0285 | I40: Temperature Unheated PLA | J40: K | K40: =C19+273 -> 333
A41: Inner Radius | B41: mm | C41: =average(2.1,3.5) -> 2.8 | E41: Thermal Conducitvity of Aluminium | F41: W/mK | G41: =C9 -> 155.3 | I41: Temperature Heated PLA | J41: K | K41: =C20+273 -> 503
A42: Outer Radius | B42: mm | C42: 11 | E42: Conductive Heat Sink Resistance | F42: K/W | G42: =LN((G39/G38))/(2*pi()*G40*G41) -> 0.049201402 | I42: Total Filament Heat Out | J42: W | K42: =K38*K39*(K41-K40) -> 5.6916
A43: Length | B43: mm | C43: 28.5 | E43: Forced Convection Resistance between Heat Sink and Ambient Air
E44: Forced Convective Air Heat Transfer Coefficient | F44: W/m^2K | G44: =C14 -> 54.430806 | I44: Total Heat In (Heater Cartridge)
E45: Inner Radius | F45: m | G45: =C41/1000 -> 0.0028
E46: Outer Radius | F46: m | G46: =C42/1000 -> 0.011 | I46: Name | J46: Units | K46: Value
E47: Area of Heat Sink | F47: m^2 | G47: =pi()*(G46^2-G45^2) -> 0.00035550262 | I47: Total Heat Out through the Bottom
E48: Convective Heat Sink Resistance | F48: K/W | G48: =1/(G44*G47) -> 51.678801 | I48: Total Bottom Heat Out | J48: W | K48: =K24 -> 0.04057275
I49: Total Top Heat Out | J49: W | K49: =K29 -> 3.8592056
I50: Total Filament Heat Out | J50: W | K50: =K42 -> 5.6916
I51: Total Heat In | J51: W | K51: =SUM(K48:K50) -> 9.5913783

Sheet Solution 2
A2: Initial Inputs | E2: Individiual Resistance | I2: Total Resistance | M2: Temperature at Different Points | Q2: Final Values Summary
A4: Name | B4: Units | C4: Value | E4: Name | F4: Units | G4: Value | I4: Name | J4: Units | K4: Value | M4: Name | N4: Units | O4: Value | Q4: Name | R4: Units | S4: Value
A5: Initial Temperatures | E5: Natural Convection Resistance between Nozzle and Ambient Air | I5: Total Resistance through the Bottom | M5: Temperature at Bottom of Nozzle | Q5: Heat Balance
A6: Temperature of the Heater Cartridge | B6: C | C6: 230 | E6: Natural Convective Air Heat Transfer Coefficient | F6: W/m^2K | G6: =C13 -> 8.88 | I6: Convective Nozzle Resistance | J6: K/W | K6: =G10 -> 3186.2851 | M6: Temperature of the Ambient Air | N6: K | O6: =C7+273 -> 295 | Q6: Total Heat In | R6: W | S6: =K73 -> 5.9040977
A7: Temperature of the Ambient AIr | B7: C | C7: 22 | E7: Inner Radius | F7: m | G7: =C26/1000 -> 0.001 | I7: Conductive Nozzle Resistance | J7: K/W | K7: =G16 -> 0.29643684 | M7: Convective Nozzle Resistance | N7: K/W | O7: =G10 -> 3186.2851 | Q7: Total Heat Out through Bottom | R7: W | S7: =K46 -> 0.065272276
A8: Thermal Conductivity | E8: Outer Radius | F8: m | G8: =C27/1000 -> 0.0035 | I8: Conductive bottom half of heat block resistance | J8: K/W | K8: =G23 -> 0.069990761 | M8: Total Bottom Heat Out | N8: W | O8: =K46 -> 0.065272276 | Q8: Total Heat Out through Top | R8: W | S8: =K51 -> 0.14722542
A9: Alumnium | B9: W/mK | C9: 155.3 | E9: Area of nozzle | F9: m^2 | G9: =pi()*(G8^2-G7^2) -> 3.5342917e-05 | I9: Total Bottom Resistance | J9: K/W | K9: =SUM(K6:K8) -> 3186.6516 | M9: Bottom of Nozzle Temperature | N9: K | O9: =O6+O7*O8 -> 502.97608 | Q9: Total Heat Out through Filament | R9: W | S9: =K64 -> 5.6916
A10: Brass | B10: W/mK | C10: 112.1 | E10: Convective Nozzle Resistance | F10: K/W | G10: =1/(G6*G9) -> 3186.2851 | I10: Total Resistance through the Top | M10: Temperature at Bottom of Heat Block | Q10: Check | S10: =S6-SUM(S7:S9) -> 0
A11: Stainless Steel | B11: W/mK | C11: 14.58 | E11: Cylindrical Conduction Resistance of Nozzle | I11: Conductive top half of heat block resistance | J11: K/W | K11: =G30 -> 0.13123268 | M11: Bottom of Nozzle Temperature | N11: K | O11: =O9 -> 502.97608
A12: Convective Heat Transfer Coefficient | E12: Inner Radius | F12: m | G12: =C26/1000 -> 0.001 | I12: Conductive Heat Break Resistance | J12: K/W | K12: =G36 -> 2.0378678 | M12: Conductive Nozzle Resistance | N12: K/W | O12: =G16 -> 0.29643684 | Q12: Name | R12: Units | S12: Value
A13: Natural Air | B13: W/m^2K | C13: 8.88 | E13: Outer Radius | F13: m | G13: =C27/1000 -> 0.0035 | I13: Conductive Heat Sink Resistance Fin 1 | J13: K/W | K13: =$G$42 -> 1.40224 | M13: Total Bottom Heat Out | N13: W | O13: =K46 -> 0.065272276 | Q13: Temperature Values
A14: Forced Air (from Fan) | B14: W/m^2K | C14: 26.1 | E14: Length | F14: m | G14: =C28/1000 -> 0.006 | I14: Convective Heat Sink Resistance Gap 1 | J14: K/W | K14: =$G$48 -> 116.1503 | M14: Bottom of Heat Block Temperature | N14: K | O14: =O11+O12*O13 -> 502.99543 | Q14: Ambient Temperature | R14: C | S14: =C7 -> 22
A15: PLA Properties | E15: Thermal Conducitvity of Brass | F15: W/mK | G15: =C10 -> 112.1 | I15: Conductive Heat Sink Resistance Fin 2 | J15: K/W | K15: =$G$42 -> 1.40224 | Q15: Bottom of Nozzle Temperature | R15: C | S15: =O9-273 -> 229.97608
A16: Density of PLA | B16: kg/m^3 | C16: 1240 | E16: Conductive Nozzle Resistance | F16: K/W | G16: =LN((G13/G12))/(2*pi()*G14*G15) -> 0.29643684 | I16: Convective Heat Sink Resistance Gap 2 | J16: K/W | K16: =$G$48 -> 116.1503 | M16: Temperature at Top of Heat Sink - TF24 | Q16: Bottom of Heat Block Temperature | R16: C | S16: =O14-273 -> 229.99543
A17: Estimated Volumetric Flow Rate of PLA | B17: mm^3/s | C17: 15 | E17: Flat Plate Conduction Resistance of bottom half of heat block | I17: Conductive Heat Sink Resistance Fin 3 | J17: K/W | K17: =$G$42 -> 1.40224 | M17: Temperature of the Ambient Air | N17: K | O17: =C7+273 -> 295 | Q17: Heater Cartridge Temperature | R17: C | S17: =C6 -> 230
A18: Specific Heat Capacity of PLA | B18: J/kgK | C18: 1800 | E18: Thermal Conducitvity of Aluminium | F18: W/mK | G18: =C9 -> 155.3 | I18: Convective Heat Sink Resistance Gap 3 | J18: K/W | K18: =$G$48 -> 116.1503 | M18: Convective Heat Sink Resistance per Fin | N18: K/W | O18: =G48 -> 116.1503 | Q18: Top of Heat Block Temperature | R18: C | S18: =O59-273 -> 229.98068
A19: Temperature of unheated PLA | B19: C | C19: 60 | E19: Length | F19: m | G19: =C34/1000 -> 0.004 | I19: Conductive Heat Sink Resistance Fin 4 | J19: K/W | K19: =$G$42 -> 1.40224 | M19: Total Top Heat Out | N19: W | O19: =K51 -> 0.14722542 | Q19: TF1 - Bottom of Heat Sink | R19: C | S19: =O54-273 -> 229.68065
A20: Temperature of heated PLA | B20: C | C20: 230 | E20: Width | F20: m | G20: =C31/1000 -> 0.023 | I20: Convective Heat Sink Resistance Gap 4 | J20: K/W | K20: =$G$48 -> 116.1503 | M20: Top of Heat Sink Temperature - TF24 | N20: K | O20: =O17+O18*O19 -> 312.10028 | Q20: TF2 | R20: C | S20: =O48-273 -> 229.47421
E21: Depth | F21: m | G21: =C32/1000 -> 0.016 | I21: Conductive Heat Sink Resistance Fin 5 | J21: K/W | K21: =$G$42 -> 1.40224 | Q21: TF3 | R21: C | S21: =O47-273 -> 212.37393
A22: Dimensions | E22: Area | F22: m^2 | G22: =G21*G20 -> 0.000368 | I22: Convective Heat Sink Resistance Gap 5 | J22: K/W | K22: =$G$48 -> 116.1503 | M22: Temperature of all the Fins | Q22: TF4 | R22: C | S22: =O46-273 -> 212.16749
E23: Conductive bottom half of heat block resistance | F23: K/W | G23: =G19/(G18*G22) -> 0.069990761 | I23: Conductive Heat Sink Resistance Fin 6 | J23: K/W | K23: =$G$42 -> 1.40224 | M23: Conductive Heat Sink Resistance per Fin | N23: K/W | O23: =G42 -> 1.40224 | Q23: TF5 | R23: C | S23: =O45-273 -> 195.06721
A24: Name | B24: Units | C24: Value | E24: Flat Plate Conduction Resistance of top half of heat block | I24: Convective Heat Sink Resistance Gap 6 | J24: K/W | K24: =$G$48 -> 116.1503 | M24: Convective Heat Sink Resistance per Fin | N24: K/W | O24: =G48 -> 116.1503 | Q24: TF6 | R24: C | S24: =O44-273 -> 194.86077
A25: Nozzle Dimensions (Modelled as Cylinder) | E25: Thermal Conducitvity of Aluminium | F25: W/mK | G25: =C9 -> 155.3 | I25: Conductive Heat Sink Resistance Fin 7 | J25: K/W | K25: =$G$42 -> 1.40224 | M25: Total Top Heat Out | N25: W | O25: =K51 -> 0.14722542 | Q25: TF7 | R25: C | S25: =O43-273 -> 177.76049
A26: Inner Radius | B26: mm | C26: 1 | E26: Length | F26: m | G26: =C35/1000 -> 0.0075 | I26: Convective Heat Sink Resistance Gap 7 | J26: K/W | K26: =$G$48 -> 116.1503 | M26: Top of Heat Sink Temperature - TF24 | N26: K | O26: =O20 -> 312.10028 | Q26: TF8 | R26: C | S26: =O42-273 -> 177.55404
A27: Outer Radius | B27: mm | C27: 3.5 | E27: Width | F27: m | G27: =C31/1000 -> 0.023 | I27: Conductive Heat Sink Resistance Fin 8 | J27: K/W | K27: =$G$42 -> 1.40224 | M27: TF23 | N27: K | O27: =O26+$O$25*$O$23 -> 312.30672 | Q27: TF9 | R27: C | S27: =O41-273 -> 160.45377
A28: Length | B28: mm | C28: 6 | E28: Depth | F28: m | G28: =C32/1000 -> 0.016 | I28: Convective Heat Sink Resistance Gap 8 | J28: K/W | K28: =$G$48 -> 116.1503 | M28: TF22 | N28: K | O28: =O27+$O$25*$O$24 -> 329.407 | Q28: TF10 | R28: C | S28: =O40-273 -> 160.24732
A29: Heat Block Dimensions (Modelled as Flat Plate) | E29: Area | F29: m^2 | G29: =G27*G28 -> 0.000368 | I29: Conductive Heat Sink Resistance Fin 9 | J29: K/W | K29: =$G$42 -> 1.40224 | M29: TF21 | N29: K | O29: =O28+$O$25*$O$23 -> 329.61344 | Q29: TF11 | R29: C | S29: =O39-273 -> 143.14705
A30: Cross-sectional Area Values | E30: Conductive top half of heat block resistance | F30: K/W | G30: =G26/(G25*G29) -> 0.13123268 | I30: Convective Heat Sink Resistance Gap 9 | J30: K/W | K30: =$G$48 -> 116.1503 | M30: TF20 | N30: K | O30: =O29+$O$25*$O$24 -> 346.71372 | Q30: TF12 | R30: C | S30: =O38-273 -> 142.9406
A31: Width | B31: mm | C31: 23 | E31: Cylindrical Conduction Resistance of Heat Break | I31: Conductive Heat Sink Resistance Fin 10 | J31: K/W | K31: =$G$42 -> 1.40224 | M31: TF19 | N31: K | O31: =O30+$O$25*$O$23 -> 346.92016 | Q31: TF13 | R31: C | S31: =O37-273 -> 125.84033
A32: Depth | B32: mm | C32: 16 | E32: Inner Radius | F32: m | G32: =C37/1000 -> 0.001 | I32: Convective Heat Sink Resistance Gap 10 | J32: K/W | K32: =$G$48 -> 116.1503 | M32: TF18 | N32: K | O32: =O31+$O$25*$O$24 -> 364.02044 | Q32: TF14 | R32: C | S32: =O36-273 -> 125.63388
A33: Lengths | E33: Outer Radius | F33: m | G33: =C38/1000 -> 0.00148 | I33: Conductive Heat Sink Resistance Fin 11 | J33: K/W | K33: =$G$42 -> 1.40224 | M33: TF17 | N33: K | O33: =O32+$O$25*$O$23 -> 364.22688 | Q33: TF15 | R33: C | S33: =O35-273 -> 108.53361
A34: Length from center of heater cartridge to bottom | B34: mm | C34: 4 | E34: Length | F34: m | G34: =C39/1000 -> 0.0021 | I34: Convective Heat Sink Resistance Gap 11 | J34: K/W | K34: =$G$48 -> 116.1503 | M34: TF16 | N34: K | O34: =O33+$O$25*$O$24 -> 381.32716 | Q34: TF16 | R34: C | S34: =O34-273 -> 108.32716
A35: Length from center of heater cartridge to top | B35: mm | C35: 7.5 | E35: Thermal Conducitvity of Stainless Steel | F35: W/mK | G35: =C11 -> 14.58 | I35: Conductive Heat Sink Resistance Fin 12 | J35: K/W | K35: =$G$42 -> 1.40224 | M35: TF15 | N35: K | O35: =O34+$O$25*$O$23 -> 381.53361 | Q35: TF17 | R35: C | S35: =O33-273 -> 91.226884
A36: Heat Break Dimensions (Modelled as Cylinder) | E36: Conductive Heat Break Resistance | F36: K/W | G36: =LN((G33/G32))/(2*pi()*G34*G35) -> 2.0378678 | I36: Convective Heat Sink Resistance Gap 12 | J36: K/W | K36: =$G$48 -> 116.1503 | M36: TF14 | N36: K | O36: =O35+$O$25*$O$24 -> 398.63388 | Q36: TF18 | R36: C | S36: =O32-273 -> 91.020439
A37: Inner Radius | B37: mm | C37: 1 | E37: Cylindrical Conduction Resistance through each Fin of Heat Sink | I37: Total Top Resistance | J37: K/W | K37: =SUM(K11:K36) -> 1412.7995 | M37: TF13 | N37: K | O37: =O36+$O$25*$O$23 -> 398.84033 | Q37: TF19 | R37: C | S37: =O31-273 -> 73.920163
A38: Outer Radius | B38: mm | C38: 1.48 | E38: Inner Radius | F38: m | G38: =C41/1000 -> 0.0028 | M38: TF12 | N38: K | O38: =O37+$O$25*$O$24 -> 415.9406 | Q38: TF20 | R38: C | S38: =O30-273 -> 73.713718
A39: Length | B39: mm | C39: 2.1 | E39: Outer Radius | F39: m | G39: =C43/1000 -> 0.011 | I39: Total Heat Out (except Filament) | M39: TF11 | N39: K | O39: =O38+$O$25*$O$23 -> 416.14705 | Q39: TF21 | R39: C | S39: =O29-273 -> 56.613442
A40: Heat Sink Dimensions (Modelled as Cylinder) | E40: Length | F40: m | G40: =C44/1000 -> 0.001 | M40: TF10 | N40: K | O40: =O39+$O$25*$O$24 -> 433.24732 | Q40: TF22 | R40: C | S40: =O28-273 -> 56.406997
A41: Inner Radius | B41: mm | C41: =average(2.1,3.5) -> 2.8 | E41: Thermal Conducitvity of Aluminium | F41: W/mK | G41: =C9 -> 155.3 | I41: Name | J41: Units | K41: Value | M41: TF09 | N41: K | O41: =O40+$O$25*$O$23 -> 433.45377 | Q41: TF23 | R41: C | S41: =O27-273 -> 39.306721
A42: Middle Radius | B42: mm | C42: 4 | E42: Conductive Heat Sink Resistance per Fin | F42: K/W | G42: =LN((G39/G38))/(2*pi()*G40*G41) -> 1.40224 | I42: Total Heat Out through the Bottom | M42: TF08 | N42: K | O42: =O41+$O$25*$O$24 -> 450.55404 | Q42: TF24 - Top of Heat Sink | R42: C | S42: =O26-273 -> 39.100276
A43: Outer Radius | B43: mm | C43: 11 | E43: Forced Cylindrical Convection Resistance between Fins of Heat Sink | I43: Temperature of the Heater Cartridge | J43: K | K43: =C6+273 -> 503 | M43: TF07 | N43: K | O43: =O42+$O$25*$O$23 -> 450.76049 | Q43: Ambient Temperature | R43: C | S43: =C7 -> 22
A44: Length for Each Fin | B44: mm | C44: 1 | E44: Forced Convective Air Heat Transfer Coefficient | F44: W/m^2K | G44: =C14 -> 26.1 | I44: Temperature of the Ambient Air | J44: K | K44: =C7+273 -> 295 | M44: TF06 | N44: K | O44: =O43+$O$25*$O$24 -> 467.86077
A45: Length for Each Gap | B45: mm | C45: 1 | E45: Middle Radius | F45: m | G45: =C42/1000 -> 0.004 | I45: Total Bottom Resistance | J45: K/W | K45: =K9 -> 3186.6516 | M45: TF05 | N45: K | O45: =O44+$O$25*$O$23 -> 468.06721
E46: Outer Radius | F46: m | G46: =C43/1000 -> 0.011 | I46: Total Bottom Heat Out | J46: W | K46: =(K43-K44)/K45 -> 0.065272276 | M46: TF04 | N46: K | O46: =O45+$O$25*$O$24 -> 485.16749
E47: Area of Heat Sink | F47: m^2 | G47: =pi()*(G46^2-G45^2) -> 0.00032986723 | I47: Total Heat Out through the Top | M47: TF03 | N47: K | O47: =O46+$O$25*$O$23 -> 485.37393
E48: Convective Heat Sink Resistance per Fin | F48: K/W | G48: =1/(G44*G47) -> 116.1503 | I48: Temperature of the Heater Cartridge | J48: K | K48: =C6+273 -> 503 | M48: TF02 | N48: K | O48: =O47+$O$25*$O$24 -> 502.47421
I49: Temperature of the Ambient Air | J49: K | K49: =C7+273 -> 295
I50: Total Top Resistance | J50: K/W | K50: =K37 -> 1412.7995 | M50: Temperature at Bottom of Heat Sink
I51: Total Top Heat Out | J51: W | K51: =(K48-K49)/K50 -> 0.14722542 | M51: Heat Sink TF2 Temperature | N51: K | O51: =O48 -> 502.47421
M52: Conductive Heat Sink Resistance per Fin | N52: K/W | O52: =G42 -> 1.40224
I53: Total Heat Out (Filament) | M53: Total Top Heat Out | N53: W | O53: =K51 -> 0.14722542
M54: Bottom of Heat Sink Temperature - TF1 | N54: K | O54: =O51+O52*O53 -> 502.68065
I55: Mass Flowrate of PLA | M55: Temperature at Top of Heat Block
I56: Density of PLA | J56: kg/m^3 | K56: =C16 -> 1240 | M56: Bottom of Heat Sink Temperature | N56: K | O56: =O54 -> 502.68065
I57: Volumetric Flow Rate of PLA | J57: m^3/s | K57: =C17/10^9 -> 1.5e-08 | M57: Conductive Heat Break Resistance | N57: K/W | O57: =G36 -> 2.0378678
I58: Mass Flowrate | J58: kg/s | K58: =K57*K56 -> 1.86e-05 | M58: Total Top Heat Out | N58: W | O58: =K51 -> 0.14722542
I59: Total Heat Out through Filament | M59: Top of Heat Block Temperature | N59: K | O59: =O56+O57*O58 -> 502.98068
I60: Mass Flowrate | J60: kg/s | K60: =K58 -> 1.86e-05
I61: Specifc Heat Capacity of PLA | J61: J/kgK | K61: =C18 -> 1800
I62: Temperature Unheated PLA | J62: K | K62: =C19+273 -> 333
I63: Temperature Heated PLA | J63: K | K63: =C20+273 -> 503
I64: Total Filament Heat Out | J64: W | K64: =K60*K61*(K63-K62) -> 5.6916
I66: Total Heat In (Heater Cartridge)
I68: Name | J68: Units | K68: Value
I69: Total Heat Out through the Bottom
I70: Total Bottom Heat Out | J70: W | K70: =K46 -> 0.065272276
I71: Total Top Heat Out | J71: W | K71: =K51 -> 0.14722542
I72: Total Filament Heat Out | J72: W | K72: =K64 -> 5.6916
I73: Total Heat In | J73: W | K73: =SUM(K70:K72) -> 5.9040977

Sheet Solution 3
A2: Initial Inputs | E2: Individiual Resistance | I2: Total Resistance | M2: Temperature at Different Points | Q2: Final Values Summary
A4: Name | B4: Units | C4: Value | E4: Name | F4: Units | G4: Value | I4: Name | J4: Units | K4: Value | M4: Name | N4: Units | O4: Value | Q4: Name | R4: Units | S4: Value
A5: Initial Temperatures | I5: Total Resistance through the Bottom | M5: Temperature at Bottom of Nozzle | Q5: Heat Balance
A6: Temperature of the Heater Cartridge | B6: C | C6: 230 | E6: In Series Convection and Conduction of Nozzle | I6: In Series Convection and Conduction of Nozzle outside heatblock | J6: K/W | K6: =G20 -> 5126.5236 | M6: Temperature of the Ambient Air | N6: K | O6: =C7+273 -> 295 | Q6: Total Heat In | R6: W | S6: =K73 -> 22.007531
A7: Temperature of the Ambient AIr | B7: C | C7: 22 | I7: In Parallel Conduction of Brass and Aluminium in Bottom Section of Heat Block | J7: K/W | K7: =G39 -> 0.063474577 | M7: Natural Convective Nozzle Resistance Outside of Heat Block | N7: K/W | O7: =G13 -> 5126.2271 | Q7: Total Heat Out through Bottom | R7: W | S7: =K46 -> 0.040572802
A8: Thermal Conductivity | E8: Natural Convection Resistance between Nozzle and Ambient Air | I8: Total Bottom Resistance | J8: K/W | K8: =SUM(K6:K7) -> 5126.587 | M8: Total Bottom Heat Out | N8: W | O8: =K46 -> 0.040572802 | Q8: Total Heat Out through Top | R8: W | S8: =K51 -> 16.275358
A9: Alumnium | B9: W/mK | C9: 155.3 | E9: Natural Convective Bottom Air Heat Transfer Coefficient | F9: W/m^2K | G9: =C14 -> 5.5195003 | I9: Total Resistance through the Top | M9: Bottom of Nozzle Temperature | N9: K | O9: =O6+O7*O8 -> 502.9854 | Q9: Total Heat Out through Filament | R9: W | S9: =K64 -> 5.6916
A10: Brass | B10: W/mK | C10: 112.1 | E10: Inner Radius | F10: m | G10: =C27/1000 -> 0.001 | I10: In Parallel Conduction of Brass and Aluminium in Middle Section of Heat Block | J10: K/W | K10: =G58 -> 0.044040127 | M10: Temperature at Bottom of Heat Block | Q10: Check | S10: =S6-SUM(S7:S9) -> 0
A11: Stainless Steel | B11: W/mK | C11: 14.58 | E11: Outer Radius | F11: m | G11: =C28/1000 -> 0.0035 | I11: In Parallel Conduction of Steel and Aluminium in Top Section of Heat Block | J11: K/W | K11: =G77 -> 0.091167601 | M11: Bottom of Nozzle Temperature | N11: K | O11: =O9 -> 502.9854
A12: Convective Heat Transfer Coefficient | E12: Area of nozzle | F12: m^2 | G12: =pi()*(G11^2-G10^2) -> 3.5342917e-05 | I12: In Parallel Conduction of Steel and Convection through neck of Heat Break | J12: K/W | K12: =G95 -> 2.0311348 | M12: Conductive Nozzle Resistance Outside of Heat Block | N12: K/W | O12: =G19 -> 0.29643684 | Q12: Name | R12: Units | S12: Value
A13: Natural Air at top of heat block | B13: W/m^2K | C13: ='Natural and Forced Convection C'!S5 -> 4.5045031 | E13: Natural Convective Nozzle Resistance Outside of Heat Block | F13: K/W | G13: =1/(G9*G12) -> 5126.2271 | I13: In Parallel Conduction of Steel and Aluminium through each Fin 1 | J13: K/W | K13: =G129 -> 0.84788501 | M13: Total Bottom Heat Out | N13: W | O13: =K46 -> 0.040572802 | Q13: Temperature Values
A14: Natural Air at bottom of nozzle | B14: W/m^2K | C14: ='Natural and Forced Convection C'!S6 -> 5.5195003 | E14: Cylindrical Conduction Resistance of Nozzle | I14: In Parallel Condunction of Steel and Aluminium and Convection through Gap 1 | J14: K/W | K14: =G130 -> 0.00036551636 | M14: Bottom of Heat Block Temperature | N14: K | O14: =O11+O12*O13 -> 502.99742 | Q14: Ambient Temperature | R14: C | S14: =C7 -> 22
A15: Forced Air (from Fan) | B15: W/m^2K | C15: ='Natural and Forced Convection C'!S7 -> 54.430806 | E15: Inner Radius | F15: m | G15: =C27/1000 -> 0.001 | I15: In Parallel Conduction of Steel and Aluminium through each Fin 2 | J15: K/W | K15: =G129 -> 0.84788501 | Q15: Bottom of Nozzle Temperature | R15: C | S15: =O9-273 -> 229.9854
A16: PLA Properties | E16: Outer Radius | F16: m | G16: =C28/1000 -> 0.0035 | I16: In Parallel Condunction of Steel and Aluminium and Convection through Gap 2 | J16: K/W | K16: =G130 -> 0.00036551636 | M16: Temperature at Top of Heat Sink - TF24 | Q16: Bottom of Heat Block Temperature | R16: C | S16: =O14-273 -> 229.99742
A17: Density of PLA | B17: kg/m^3 | C17: 1240 | E17: Length | F17: m | G17: =C29/1000 -> 0.006 | I17: In Parallel Conduction of Steel and Aluminium through each Fin 3 | J17: K/W | K17: =G129 -> 0.84788501 | M17: Temperature of the Ambient Air | N17: K | O17: =C7+273 -> 295 | Q17: Heater Cartridge Temperature | R17: C | S17: =C6 -> 230
A18: Estimated Volumetric Flow Rate of PLA | B18: mm^3/s | C18: 15 | E18: Thermal Conducitvity of Brass | F18: W/mK | G18: =C10 -> 112.1 | I18: In Parallel Condunction of Steel and Aluminium and Convection through Gap 3 | J18: K/W | K18: =G130 -> 0.00036551636 | M18: Heat Sink Resistance per Gap for top 6 | N18: K/W | O18: =K36 -> 0.00036552613 | Q18: Bottom of Heat Break Temperature | R18: C | S18: =O66-273 -> 229.28323
A19: Specific Heat Capacity of PLA | B19: J/kgK | C19: 1800 | E19: Conductive Nozzle Resistance Outside of Heat Block | F19: K/W | G19: =LN((G16/G15))/(2*pi()*G17*G18) -> 0.29643684 | I19: In Parallel Conduction of Steel and Aluminium through each Fin 4 | J19: K/W | K19: =G129 -> 0.84788501 | M19: Total Top Heat Out | N19: W | O19: =K51 -> 16.275358 | Q19: Top of Heat Block Temperature | R19: C | S19: =O61-273 -> 227.79945
A20: Temperature of unheated PLA | B20: C | C20: 60 | E20: In Series Convection and Conduction of Nozzle outside heatblock | G20: =G13+G19 -> 5126.5236 | I20: In Parallel Condunction of Steel and Aluminium and Convection through Gap 4 | J20: K/W | K20: =G130 -> 0.00036551636 | M20: Top of Heat Sink Temperature - TF24 | N20: K | O20: =O17+O18*O19 -> 295.00595 | Q20: TF1 - Bottom of Heat Sink | R20: C | S20: =O56-273 -> 194.742
A21: Temperature of heated PLA | B21: C | C21: 230 | I21: In Parallel Conduction of Steel and Aluminium through each Fin 5 | J21: K/W | K21: =G129 -> 0.84788501 | Q21: TF2 | R21: C | S21: =O50-273 -> 180.94237
E22: In Parallel Conduction of Brass and Aluminium in Bottom Section of Heat Block | I22: In Parallel Condunction of Steel and Aluminium and Convection through Gap 5 | J22: K/W | K22: =G130 -> 0.00036551636 | M22: Temperature of all the Fins | Q22: TF3 | R22: C | S22: =O49-273 -> 180.93642
A23: Dimensions | I23: In Parallel Conduction of Steel and Aluminium through each Fin 6 | J23: K/W | K23: =G129 -> 0.84788501 | M23: Heat Sink Resistance per Fin for Top 5 | N23: K/W | O23: =K35 -> 0.93482664 | Q23: TF4 | R23: C | S23: =O48-273 -> 167.13679
E24: Cylindrical Conduction Resistance of Brass in Heat Block | I24: In Parallel Condunction of Steel and Aluminium and Convection through Gap 6 | J24: K/W | K24: =G130 -> 0.00036551636 | M24: Heat Sink Resistance per Gap for Top 6 | N24: K/W | O24: =K36 -> 0.00036552613 | Q24: TF5 | R24: C | S24: =O47-273 -> 167.13084
A25: Name | B25: Units | C25: Value | E25: Inner Radius | F25: m | G25: =C31/1000 -> 0.001 | I25: In Parallel Conduction of Steel and Aluminium through each Fin 7 | J25: K/W | K25: =G129 -> 0.84788501 | M25: Heat Sink Resistance per Fin for Top 7 | N25: K/W | O25: =K25 -> 0.84788501 | Q25: TF6 | R25: C | S25: =O46-273 -> 153.33121
A26: Nozzle Dimensions Outside of Heat Block (Modelled as Cylinder) | E26: Outer Radius | F26: m | G26: =C32/1000 -> 0.003 | I26: In Parallel Conduction of Aluminium and Convection through the Gap 7 | J26: K/W | K26: =G132 -> 0.00036552613 | M26: Heat Sink Resistance per Gap for Top 6 | N26: K/W | O26: =K24 -> 0.00036551636 | Q26: TF7 | R26: C | S26: =O45-273 -> 153.32526
A27: Inner Radius | B27: mm | C27: 1 | E27: Length of bottom section | F27: m | G27: =C37/1000 -> 0.004 | I27: Conduction of Aluminium through Fin 8 | J27: K/W | K27: =G131 -> 0.93482664 | M27: Total Top Heat Out | N27: W | O27: =K51 -> 16.275358 | Q27: TF8 | R27: C | S27: =O44-273 -> 139.52563
A28: Outer Radius | B28: mm | C28: 3.5 | E28: Thermal Conducitvity of Brass | F28: W/mK | G28: =C10 -> 112.1 | I28: In Parallel Conduction of Aluminium and Convection through the Gap 8 | J28: K/W | K28: =G132 -> 0.00036552613 | M28: Top of Heat Sink Temperature - TF24 | N28: K | O28: =O20 -> 295.00595 | Q28: TF9 | R28: C | S28: =O43-273 -> 139.51968
A29: Length | B29: mm | C29: 6 | E29: Conductive Brass Resistance in Bottom Section Heat Block | F29: K/W | G29: =LN((G26/G25))/(2*pi()*G27*G28) -> 0.38994107 | I29: Conduction of Aluminium through Fin 9 | J29: K/W | K29: =G131 -> 0.93482664 | M29: TF23 | N29: K | O29: =O28+$O$27*$O$23 -> 310.22059 | P29: F12 | Q29: TF10 | R29: C | S29: =O42-273 -> 125.72005
A30: Nozzle Dimensions Inside of Heat Block (Modelled as Cylindrer) | E30: Flat Plate Conduction Resistance of aluminium bottom half of heat block | I30: In Parallel Conduction of Aluminium and Convection through the Gap 9 | J30: K/W | K30: =G132 -> 0.00036552613 | M30: TF22 | N30: K | O30: =O29+$O$27*$O$24 -> 310.22654 | Q30: TF11 | R30: C | S30: =O41-273 -> 125.7141
A31: Inner Radius | B31: mm | C31: 1 | E31: Thermal Conducitvity of Aluminium | F31: W/mK | G31: =C9 -> 155.3 | I31: Conduction of Aluminium through Fin 10 | J31: K/W | K31: =G131 -> 0.93482664 | M31: TF21 | N31: K | O31: =O30+$O$27*$O$23 -> 325.44117 | P31: F11 | Q31: TF12 | R31: C | S31: =O40-273 -> 111.91447
A32: Outer Radius | B32: mm | C32: 3 | E32: Length of bottom section | F32: m | G32: =C37/1000 -> 0.004 | I32: In Parallel Conduction of Aluminium and Convection through the Gap 10 | J32: K/W | K32: =G132 -> 0.00036552613 | M32: TF20 | N32: K | O32: =O31+$O$27*$O$24 -> 325.44712 | Q32: TF13 | R32: C | S32: =O39-273 -> 111.90852
A33: Heat Block Dimensions (Modelled as Flat Plate) | E33: Width | F33: m | G33: =C35/1000 -> 0.023 | I33: Conduction of Aluminium through Fin 11 | J33: K/W | K33: =G131 -> 0.93482664 | M33: TF19 | N33: K | O33: =O32+$O$27*$O$23 -> 340.66176 | P33: F10 | Q33: TF14 | R33: C | S33: =O38-273 -> 98.108885
A34: Cross-sectional Area Values (we will need to minus the area from the nozzle/heat break hole) | E34: Depth | F34: m | G34: =C36/1000 -> 0.016 | I34: In Parallel Conduction of Aluminium and Convection through the Gap 11 | J34: K/W | K34: =G132 -> 0.00036552613 | M34: TF18 | N34: K | O34: =O33+$O$27*$O$24 -> 340.66771 | Q34: TF15 | R34: C | S34: =O37-273 -> 98.102935
A35: Width | B35: mm | C35: 23 | E35: Area of Rectangle | F35: m^2 | G35: =G34*G33 -> 0.000368 | I35: Conduction of Aluminium through Fin 12 | J35: K/W | K35: =G131 -> 0.93482664 | M35: TF17 | N35: K | O35: =O34+$O$27*$O$23 -> 355.88235 | P35: F9 | Q35: TF16 | R35: C | S35: =O36-273 -> 82.888297
A36: Depth | B36: mm | C36: 16 | E36: Area of Cylinder | F36: m^2 | G36: =pi()*(G26)^2 -> 2.8274334e-05 | I36: In Parallel Conduction of Aluminium and Convection through the Gap 12 | J36: K/W | K36: =G132 -> 0.00036552613 | M36: TF16 | N36: K | O36: =O35+$O$27*$O$24 -> 355.8883 | Q36: TF17 | R36: C | S36: =O35-273 -> 82.882348
A37: Length of bottom section | B37: mm | C37: 4 | E37: Actual Area | F37: m^2 | G37: =G35-G36 -> 0.00033972567 | I37: Total Top Resistance | J37: K/W | K37: =SUM(K10:K36) -> 12.780057 | M37: TF15 | N37: K | O37: =O36+$O$27*$O$23 -> 371.10294 | P37: F8 | Q37: TF18 | R37: C | S37: =O34-273 -> 67.66771
A38: Length of middle section | B38: mm | C38: 2.5 | E38: Conductive Aluminium Resistance in Bottom Section Heat Block | F38: K/W | G38: =G32/(G31*G37) -> 0.075815879 | M38: TF14 | N38: K | O38: =O37+$O$27*$O$24 -> 371.10888 | Q38: TF19 | R38: C | S38: =O33-273 -> 67.661761
A39: Length of top section | B39: mm | C39: 5 | E39: In Parallel Conduction of Brass and Aluminium in Bottom Section of Heat Block | G39: =((1/G29)+(1/G38))^(-1) -> 0.063474577 | I39: Total Heat Out (except Filament) | M39: TF13 | N39: K | O39: =O38+$O$27*$O$25 -> 384.90852 | P39: F7 | Q39: TF20 | R39: C | S39: =O32-273 -> 52.447123
A40: Heat Break Dimensions Inside of Heat Block (Modelled as Flat Plate but Cylindrical Area) | M40: TF12 | N40: K | O40: =O39+$O$27*$O$26 -> 384.91447 | Q40: TF21 | R40: C | S40: =O31-273 -> 52.441174
A41: Inner Radius | B41: mm | C41: 1 | E41: In Parallel Conduction of Brass and Aluminium in Middle Section of Heat Block | I41: Name | J41: Units | K41: Value | M41: TF11 | N41: K | O41: =O40+$O$27*$O$25 -> 398.7141 | P41: F6 | Q41: TF22 | R41: C | S41: =O30-273 -> 37.226536
A42: Outer Radius | B42: mm | C42: 3 | I42: Total Heat Out through the Bottom | M42: TF10 | N42: K | O42: =O41+$O$27*$O$26 -> 398.72005 | Q42: TF23 | R42: C | S42: =O29-273 -> 37.220587
A43: Heat Break Dimensions between Heat Block and Heat Sink (Modelled as Cylinder) | E43: Cylindrical Conduction Resistance of Brass in Middle Heat Block | I43: Temperature of the Heater Cartridge | J43: K | K43: =C6+273 -> 503 | M43: TF09 | N43: K | O43: =O42+$O$27*$O$25 -> 412.51968 | P43: F5 | Q43: TF24 - Top of Heat Sink | R43: C | S43: =O28-273 -> 22.005949
A44: Inner Radius | B44: mm | C44: 1 | E44: Inner Radius | F44: m | G44: =C31/1000 -> 0.001 | I44: Temperature of the Ambient Air | J44: K | K44: =C7+273 -> 295 | M44: TF08 | N44: K | O44: =O43+$O$27*$O$26 -> 412.52563 | Q44: Ambient Temperature | R44: C | S44: =C7 -> 22
A45: Outer Radius | B45: mm | C45: 1.48 | E45: Outer Radius | F45: m | G45: =C32/1000 -> 0.003 | I45: Total Bottom Resistance | J45: K/W | K45: =K8 -> 5126.587 | M45: TF07 | N45: K | O45: =O44+$O$27*$O$25 -> 426.32526 | P45: F4
A46: Length | B46: mm | C46: 2.1 | E46: Length of middle section | F46: m | G46: =C38/1000 -> 0.0025 | I46: Total Bottom Heat Out | J46: W | K46: =(K43-K44)/K45 -> 0.040572802 | M46: TF06 | N46: K | O46: =O45+$O$27*$O$26 -> 426.33121
A47: Heat Break Dimensions inside Heat Sink (Modelled as Cylinder) | E47: Thermal Conducitvity of Brass | F47: W/mK | G47: =C10 -> 112.1 | I47: Total Heat Out through the Top | M47: TF05 | N47: K | O47: =O46+$O$27*$O$25 -> 440.13084 | P47: F3
A48: Inner Radius | B48: mm | C48: 1 | E48: Conductive Brass Resistance in Middle Section Heat Block | F48: K/W | G48: =LN((G45/G44))/(2*pi()*G46*G47) -> 0.62390571 | I48: Temperature of the Heater Cartridge | J48: K | K48: =C6+273 -> 503 | M48: TF04 | N48: K | O48: =O47+$O$27*$O$26 -> 440.13679
A49: Outer Radius | B49: mm | C49: 3.5 | E49: Flat Plate Conduction Resistance of aluminium middle of heat block | I49: Temperature of the Ambient Air | J49: K | K49: =C7+273 -> 295 | M49: TF03 | N49: K | O49: =O48+$O$27*$O$25 -> 453.93642 | P49: F2
A50: Heat Sink Dimensions (Modelled as Cylinder) | E50: Thermal Conducitvity of Aluminium | F50: W/mK | G50: =C9 -> 155.3 | I50: Total Top Resistance | J50: K/W | K50: =K37 -> 12.780057 | M50: TF02 | N50: K | O50: =O49+$O$27*$O$26 -> 453.94237
A51: Inner Radius | B51: mm | C51: =average(2.1,3.5) -> 2.8 | E51: Length of middle section | F51: m | G51: =C38/1000 -> 0.0025 | I51: Total Top Heat Out | J51: W | K51: =(K48-K49)/K50 -> 16.275358
A52: Middle Radius | B52: mm | C52: 4 | E52: Width | F52: m | G52: =C35/1000 -> 0.023 | M52: Temperature at Bottom of Heat Sink
A53: Outer Radius | B53: mm | C53: 11 | E53: Depth | F53: m | G53: =C36/1000 -> 0.016 | I53: Total Heat Out (Filament) | M53: Heat Sink TF2 Temperature | N53: K | O53: =O50 -> 453.94237 | P53: F1
A54: Length for Each Fin | B54: mm | C54: 1.5 | E54: Area of Rectangle | F54: m^2 | G54: =G53*G52 -> 0.000368 | M54: Heat Sink Resistance per Fin for Top 7 | N54: K/W | O54: =K13 -> 0.84788501
A55: Length for Each Gap | B55: mm | C55: 1 | E55: Area of Cylinder | F55: m^2 | G55: =pi()*G45^2 -> 2.8274334e-05 | I55: Mass Flowrate of PLA | M55: Total Top Heat Out | N55: W | O55: =K51 -> 16.275358
E56: Actual Area | F56: m^2 | G56: =G54-G55 -> 0.00033972567 | I56: Density of PLA | J56: kg/m^3 | K56: =C17 -> 1240 | M56: Bottom of Heat Sink Temperature - TF1 | N56: K | O56: =O53+O54*O55 -> 467.742
A57: Heat Sink Interacts funs parallel with 7 fins and 6 Gaps | E57: Conductive Aluminium Resistance in Middle Section Heat Block | F57: K/W | G57: =G51/(G50*G56) -> 0.047384925 | I57: Volumetric Flow Rate of PLA | J57: m^3/s | K57: =C18/10^9 -> 1.5e-08 | M57: Temperature at Top of Heat Block
E58: In Parallel Conduction of Brass and Aluminium in Middle Section of Heat Block | G58: =((1/G48)+(1/G57))^(-1) -> 0.044040127 | I58: Mass Flowrate | J58: kg/s | K58: =K57*K56 -> 1.86e-05 | M58: Bottom of Heat Sink Temperature | N58: K | O58: =O56 -> 467.742
I59: Total Heat Out through Filament | M59: In Parallel Conduction of Steel and Convection through neck of Heat Break | N59: K/W | O59: =K12 -> 2.0311348
E60: In Parallel Conduction of Steel and Aluminium in Top Section of Heat Block | I60: Mass Flowrate | J60: kg/s | K60: =K58 -> 1.86e-05 | M60: Total Top Heat Out | N60: W | O60: =K51 -> 16.275358
I61: Specifc Heat Capacity of PLA | J61: J/kgK | K61: =C19 -> 1800 | M61: Top of Heat Block Temperature | N61: K | O61: =O58+O59*O60 -> 500.79945
E62: Cylindrical Conduction Resistance of steel top half of heat block | I62: Temperature Unheated PLA | J62: K | K62: =C20+273 -> 333 | M62: Temperature at Bottom of Heat Break
E63: Inner Radius | F63: m | G63: =C41/1000 -> 0.001 | I63: Temperature Heated PLA | J63: K | K63: =C21+273 -> 503 | M63: Bottom of Heat Sink Temperature | N63: K | O63: =O61 -> 500.79945
E64: Outer Radius | F64: m | G64: =C42/1000 -> 0.003 | I64: Total Filament Heat Out | J64: W | K64: =K60*K61*(K63-K62) -> 5.6916 | M64: In Parallel Conduction of Steel and Aluminium in Top Section of Heat Block | N64: K/W | O64: =K11 -> 0.091167601
E65: Length of top section | F65: m | G65: =C39/1000 -> 0.005 | M65: Total Top Heat Out | N65: W | O65: =K51 -> 16.275358
E66: Thermal Conducitvity of Stainless Steel | F66: W/mK | G66: =C11 -> 14.58 | I66: Total Heat In (Heater Cartridge) | M66: Top of Heat Block Temperature | N66: K | O66: =O63+O64*O65 -> 502.28323
E67: Conductive Stell Resistance in Top Section Heat Block | F67: K/W | G67: =LN((G64/G63))/(2*pi()*G65*G66) -> 2.3984853
E68: Flat Plate Conduction Resistance of aluminium top half of heat block | I68: Name | J68: Units | K68: Value
E69: Thermal Conducitvity of Aluminium | F69: W/mK | G69: =C9 -> 155.3 | I69: Total Heat Out through the Bottom
E70: Length of top section | F70: m | G70: =C39/1000 -> 0.005 | I70: Total Bottom Heat Out | J70: W | K70: =K46 -> 0.040572802
E71: Width | F71: m | G71: =C35/1000 -> 0.023 | I71: Total Top Heat Out | J71: W | K71: =K51 -> 16.275358
E72: Depth | F72: m | G72: =C36/1000 -> 0.016 | I72: Total Filament Heat Out | J72: W | K72: =K64 -> 5.6916
E73: Area of Rectangle | F73: m^2 | G73: =G71*G72 -> 0.000368 | I73: Total Heat In | J73: W | K73: =SUM(K70:K72) -> 22.007531
E74: Area of Cylinder | F74: m^2 | G74: =pi()*G64^2 -> 2.8274334e-05
E75: Actual Area | F75: m^2 | G75: =G73-G74 -> 0.00033972567
E76: Conductive Aluminium Resistance in Top Section Heat Block | F76: K/W | G76: =G70/(G69*G75) -> 0.094769849
E77: In Parallel Conduction of Steel and Aluminium in Top Section of Heat Block | G77: =((1/G67)+(1/G76))^(-1) -> 0.091167601
E79: In Parallel Conduction of Steel and Convection through neck of Heat Break
E81: Cylindrical Conduction Resistance of Heat Break
E82: Inner Radius | F82: m | G82: =C44/1000 -> 0.001
E83: Outer Radius | F83: m | G83: =C45/1000 -> 0.00148
E84: Length | F84: m | G84: =C46/1000 -> 0.0021
E85: Thermal Conducitvity of Stainless Steel | F85: W/mK | G85: =C11 -> 14.58
E86: Conductive Heat Break Resistance | F86: K/W | G86: =LN((G83/G82))/(2*pi()*G84*G85) -> 2.0378678
E87: Natural Cylindrical Convection Resistance between Heat Block and Heat Sink
E88: Forced Convective Top Air Heat Transfer Coefficient | F88: W/m^2K | G88: =C13 -> 4.5045031
E89: Width | F89: m | G89: =C35/1000 -> 0.023
E90: Depth | F90: m | G90: =C36/1000 -> 0.016
E91: Area of Rectangle | F91: m^2 | G91: =G90*G89 -> 0.000368
E92: Area of Cylinder | F92: m^2 | G92: =pi()*G83^2 -> 6.8813445e-06
E93: Actual Area | F93: m^2 | G93: =G91-G92 -> 0.00036111866
E94: Natural Convective Resistance through neck of Heat Break | F94: K/W | G94: =1/(G88*G93) -> 614.75657
E95: In Parallel Conduction of Steel and Convection through neck of Heat Break | G95: =((1/G86)+(1/G94))^(-1) -> 2.0311348
E97: In Parallel Conduction of Steel, Conduction of Aluminium and Convection through first 7 fins of Heat Sink (note same thing but without steel for the last 5 fins)
E99: Cylindrical Conduction Resistance aluminium through each Fin of Heat Sink
E100: Inner Radius | F100: m | G100: =C51/1000 -> 0.0028
E101: Outer Radius | F101: m | G101: =C53/1000 -> 0.011
E102: Length | F102: m | G102: =C54/1000 -> 0.0015
E103: Thermal Conducitvity of Aluminium | F103: W/mK | G103: =C9 -> 155.3
E104: Aluminium Conductive Heat Sink Resistance per Fin | F104: K/W | G104: =LN((G101/G100))/(2*pi()*G102*G103) -> 0.93482664
E105: Cylindrical Conduction Resistance Steel through each Fin of Heat Sink
E106: Inner Radius | F106: m | G106: =C48/1000 -> 0.001
...

Sheet Solution 4
A2: Initial Inputs | E2: Individiual Resistance | I2: Total Resistance | M2: Temperature at Different Points | Q2: Final Values Summary
A4: Name | B4: Units | C4: Value | E4: Name | F4: Units | G4: Value | I4: Name | J4: Units | K4: Value | M4: Name | N4: Units | O4: Value | Q4: Name | R4: Units | S4: Value
A5: Initial Temperatures | I5: Total Resistance through the Bottom | M5: Temperature at Bottom of Nozzle | Q5: Heat Balance
A6: Temperature of the Heater Cartridge | B6: C | C6: 230 | E6: In Series Convection and Conduction of Nozzle | I6: In Series Convection and Conduction of Nozzle outside heatblock | J6: K/W | K6: =G20 -> 5126.5236 | M6: Temperature of the Ambient Air | N6: K | O6: =C7+273 -> 295 | Q6: Total Heat In | R6: W | S6: =K93 -> 5.976603
A7: Temperature of the Ambient AIr | B7: C | C7: 22 | I7: In Parallel Conduction of Brass and Aluminium in Bottom Section of Heat Block | J7: K/W | K7: =G39 -> 0.063474577 | M7: Natural Convective Nozzle Resistance Outside of Heat Block | N7: K/W | O7: =G13 -> 5126.2271 | Q7: Total Heat Out through Bottom | R7: W | S7: =K66 -> 0.040572802
A8: Thermal Conductivity | E8: Natural Convection Resistance between Nozzle and Ambient Air | I8: Total Bottom Resistance | J8: K/W | K8: =SUM(K6:K7) -> 5126.587 | M8: Total Bottom Heat Out | N8: W | O8: =K66 -> 0.040572802 | Q8: Total Heat Out through Top | R8: W | S8: =K71 -> 0.24443015
A9: Alumnium | B9: W/mK | C9: 155.3 | E9: Natural Convective Bottom Air Heat Transfer Coefficient | F9: W/m^2K | G9: =C14 -> 5.5195003 | I9: Total Resistance through the Top | M9: Bottom of Nozzle Temperature | N9: K | O9: =O6+O7*O8 -> 502.9854 | Q9: Total Heat Out through Filament | R9: W | S9: =K84 -> 5.6916
A10: Brass | B10: W/mK | C10: 112.1 | E10: Inner Radius | F10: m | G10: =C27/1000 -> 0.001 | I10: In Parallel Conduction of Brass and Aluminium in Middle Section of Heat Block | J10: K/W | K10: =G58 -> 0.044040127 | M10: Temperature at Bottom of Heat Block | Q10: Check | S10: =S6-SUM(S7:S9) -> 0
A11: Stainless Steel | B11: W/mK | C11: 14.58 | E11: Outer Radius | F11: m | G11: =C28/1000 -> 0.0035 | I11: In Parallel Conduction of Steel and Aluminium in Top Section of Heat Block | J11: K/W | K11: =G77 -> 0.091167601 | M11: Bottom of Nozzle Temperature | N11: K | O11: =O9 -> 502.9854
A12: Convective Heat Transfer Coefficient | E12: Area of nozzle | F12: m^2 | G12: =pi()*(G11^2-G10^2) -> 3.5342917e-05 | I12: In Parallel Conduction of Steel and Convection through neck of Heat Break 1 | J12: K/W | K12: =$G$95 -> 40.009996 | M12: Conductive Nozzle Resistance Outside of Heat Block | N12: K/W | O12: =G19 -> 0.29643684 | Q12: Name | R12: Units | S12: Value
A13: Natural Air at top of heat block | B13: W/m^2K | C13: ='Natural and Forced Convection C'!S5 -> 4.5045031 | E13: Natural Convective Nozzle Resistance Outside of Heat Block | F13: K/W | G13: =1/(G9*G12) -> 5126.2271 | I13: In Parallel Conduction of Steel and Convection through neck of Heat Break 2 | J13: K/W | K13: =$G$95 -> 40.009996 | M13: Total Bottom Heat Out | N13: W | O13: =K66 -> 0.040572802 | Q13: Temperature Values
A14: Natural Air at bottom of nozzle | B14: W/m^2K | C14: ='Natural and Forced Convection C'!S6 -> 5.5195003 | E14: Cylindrical Conduction Resistance of Nozzle | I14: In Parallel Conduction of Steel and Convection through neck of Heat Break 3 | J14: K/W | K14: =$G$95 -> 40.009996 | M14: Bottom of Heat Block Temperature | N14: K | O14: =O11+O12*O13 -> 502.99742 | Q14: Ambient Temperature | R14: C | S14: =C7 -> 22
A15: Forced Air (from Fan) | B15: W/m^2K | C15: ='Natural and Forced Convection C'!S7 -> 54.430806 | E15: Inner Radius | F15: m | G15: =C27/1000 -> 0.001 | I15: In Parallel Conduction of Steel and Convection through neck of Heat Break 4 | J15: K/W | K15: =$G$95 -> 40.009996 | Q15: Bottom of Nozzle Temperature | R15: C | S15: =O9-273 -> 229.9854
A16: PLA Properties | E16: Outer Radius | F16: m | G16: =C28/1000 -> 0.0035 | I16: In Parallel Conduction of Steel and Convection through neck of Heat Break 5 | J16: K/W | K16: =$G$95 -> 40.009996 | M16: Temperature at Top of Heat Sink - TF24 | Q16: Bottom of Heat Block Temperature | R16: C | S16: =O14-273 -> 229.99742
A17: Density of PLA | B17: kg/m^3 | C17: 1240 | E17: Length | F17: m | G17: =C29/1000 -> 0.006 | I17: In Parallel Conduction of Steel and Convection through neck of Heat Break 6 | J17: K/W | K17: =$G$95 -> 40.009996 | M17: Temperature of the Ambient Air | N17: K | O17: =C7+273 -> 295 | Q17: Heater Cartridge Temperature | R17: C | S17: =C6 -> 230
A18: Estimated Volumetric Flow Rate of PLA | B18: mm^3/s | C18: 15 | E18: Thermal Conducitvity of Brass | F18: W/mK | G18: =C10 -> 112.1 | I18: In Parallel Conduction of Steel and Convection through neck of Heat Break 7 | J18: K/W | K18: =$G$95 -> 40.009996 | M18: Heat Sink Resistance per Gap for top 6 | N18: K/W | O18: =K56 -> 0.00036552613 | Q18: Bottom of Heat Break Temperature | R18: C | S18: =O86-273 -> 229.98924
A19: Specific Heat Capacity of PLA | B19: J/kgK | C19: 1800 | E19: Conductive Nozzle Resistance Outside of Heat Block | F19: K/W | G19: =LN((G16/G15))/(2*pi()*G17*G18) -> 0.29643684 | I19: In Parallel Conduction of Steel and Convection through neck of Heat Break 8 | J19: K/W | K19: =$G$95 -> 40.009996 | M19: Total Top Heat Out | N19: W | O19: =K71 -> 0.24443015 | Q19: Top of Heat Block Temperature | R19: C | S19: =O81-273 -> 229.96695
A20: Temperature of unheated PLA | B20: C | C20: 60 | E20: In Series Convection and Conduction of Nozzle outside heatblock | G20: =G13+G19 -> 5126.5236 | I20: In Parallel Conduction of Steel and Convection through neck of Heat Break 9 | J20: K/W | K20: =$G$95 -> 40.009996 | M20: Top of Heat Sink Temperature - TF24 | N20: K | O20: =O17+O18*O19 -> 295.00009 | Q20: THB 2 | S20: =O75-273 -> 220.1873
A21: Temperature of heated PLA | B21: C | C21: 230 | I21: In Parallel Conduction of Steel and Convection through neck of Heat Break 10 | J21: K/W | K21: =$G$95 -> 40.009996 | Q21: THB 3 | S21: =O74-273 -> 210.40765
E22: In Parallel Conduction of Brass and Aluminium in Bottom Section of Heat Block | I22: In Parallel Conduction of Steel and Convection through neck of Heat Break 11 | J22: K/W | K22: =$G$95 -> 40.009996 | M22: Temperature of all the Fins | Q22: THB 4 | S22: =O73-273 -> 200.628
A23: Dimensions | I23: In Parallel Conduction of Steel and Convection through neck of Heat Break 12 | J23: K/W | K23: =$G$95 -> 40.009996 | M23: Heat Sink Resistance per Fin for Top 5 | N23: K/W | O23: =K55 -> 0.93482664 | Q23: THB 5 | S23: =O72-273 -> 190.84835
E24: Cylindrical Conduction Resistance of Brass in Heat Block | I24: In Parallel Conduction of Steel and Convection through neck of Heat Break 13 | J24: K/W | K24: =$G$95 -> 40.009996 | M24: Heat Sink Resistance per Gap for Top 6 | N24: K/W | O24: =K56 -> 0.00036552613 | Q24: THB 6 | S24: =O71-273 -> 181.0687
A25: Name | B25: Units | C25: Value | E25: Inner Radius | F25: m | G25: =C31/1000 -> 0.001 | I25: In Parallel Conduction of Steel and Convection through neck of Heat Break 14 | J25: K/W | K25: =$G$95 -> 40.009996 | M25: Heat Sink Resistance per Fin for Top 7 | N25: K/W | O25: =K45 -> 0.84788501 | Q25: THB 7 | S25: =O70-273 -> 171.28905
A26: Nozzle Dimensions Outside of Heat Block (Modelled as Cylinder) | E26: Outer Radius | F26: m | G26: =C32/1000 -> 0.003 | I26: In Parallel Conduction of Steel and Convection through neck of Heat Break 15 | J26: K/W | K26: =$G$95 -> 40.009996 | M26: Heat Sink Resistance per Gap for Top 6 | N26: K/W | O26: =K44 -> 0.00036551636 | Q26: THB 8 | S26: =O69-273 -> 161.5094
A27: Inner Radius | B27: mm | C27: 1 | E27: Length of bottom section | F27: m | G27: =C37/1000 -> 0.004 | I27: In Parallel Conduction of Steel and Convection through neck of Heat Break 16 | J27: K/W | K27: =$G$95 -> 40.009996 | M27: Total Top Heat Out | N27: W | O27: =K71 -> 0.24443015 | Q27: THB 9 | S27: =O68-273 -> 151.72976
A28: Outer Radius | B28: mm | C28: 3.5 | E28: Thermal Conducitvity of Brass | F28: W/mK | G28: =C10 -> 112.1 | I28: In Parallel Conduction of Steel and Convection through neck of Heat Break 17 | J28: K/W | K28: =$G$95 -> 40.009996 | M28: Top of Heat Sink Temperature - TF24 | N28: K | O28: =O20 -> 295.00009 | Q28: THB 10 | S28: =O67-273 -> 141.95011
A29: Length | B29: mm | C29: 6 | E29: Conductive Brass Resistance in Bottom Section Heat Block | F29: K/W | G29: =LN((G26/G25))/(2*pi()*G27*G28) -> 0.38994107 | I29: In Parallel Conduction of Steel and Convection through neck of Heat Break 18 | J29: K/W | K29: =$G$95 -> 40.009996 | M29: TF23 | N29: K | O29: =O28+$O$27*$O$23 -> 295.22859 | P29: F12 | Q29: THB 11 | S29: =O66-273 -> 132.17046
A30: Nozzle Dimensions Inside of Heat Block (Modelled as Cylindrer) | E30: Flat Plate Conduction Resistance of aluminium bottom half of heat block | I30: In Parallel Conduction of Steel and Convection through neck of Heat Break 19 | J30: K/W | K30: =$G$95 -> 40.009996 | M30: TF22 | N30: K | O30: =O29+$O$27*$O$24 -> 295.22868 | Q30: THB 12 | S30: =O65-273 -> 122.39081
A31: Inner Radius | B31: mm | C31: 1 | E31: Thermal Conducitvity of Aluminium | F31: W/mK | G31: =C9 -> 155.3 | I31: In Parallel Conduction of Steel and Convection through neck of Heat Break 20 | J31: K/W | K31: =$G$95 -> 40.009996 | M31: TF21 | N31: K | O31: =O30+$O$27*$O$23 -> 295.45718 | P31: F11 | Q31: THB 13 | S31: =O64-273 -> 112.61116
A32: Outer Radius | B32: mm | C32: 3 | E32: Length of bottom section | F32: m | G32: =C37/1000 -> 0.004 | I32: In Parallel Conduction of Steel and Convection through neck of Heat Break 21 | J32: K/W | K32: =$G$95 -> 40.009996 | M32: TF20 | N32: K | O32: =O31+$O$27*$O$24 -> 295.45727 | Q32: THB 14 | S32: =O63-273 -> 102.83151
A33: Heat Block Dimensions (Modelled as Flat Plate) | E33: Width | F33: m | G33: =C35/1000 -> 0.023 | I33: In Parallel Conduction of Steel and Aluminium through each Fin 1 | J33: K/W | K33: =G129 -> 0.84788501 | M33: TF19 | N33: K | O33: =O32+$O$27*$O$23 -> 295.68577 | P33: F10 | Q33: THB 15 | S33: =O62-273 -> 93.051858
A34: Cross-sectional Area Values (we will need to minus the area from the nozzle/heat break hole) | E34: Depth | F34: m | G34: =C36/1000 -> 0.016 | I34: In Parallel Condunction of Steel and Aluminium and Convection through Gap 1 | J34: K/W | K34: =G130 -> 0.00036551636 | M34: TF18 | N34: K | O34: =O33+$O$27*$O$24 -> 295.68586 | Q34: THB 16 | S34: =O61-273 -> 83.272209
A35: Width | B35: mm | C35: 23 | E35: Area of Rectangle | F35: m^2 | G35: =G34*G33 -> 0.000368 | I35: In Parallel Conduction of Steel and Aluminium through each Fin 2 | J35: K/W | K35: =G129 -> 0.84788501 | M35: TF17 | N35: K | O35: =O34+$O$27*$O$23 -> 295.91436 | P35: F9 | Q35: THB 17 | S35: =O60-273 -> 73.492559
A36: Depth | B36: mm | C36: 16 | E36: Area of Cylinder | F36: m^2 | G36: =pi()*(G26)^2 -> 2.8274334e-05 | I36: In Parallel Condunction of Steel and Aluminium and Convection through Gap 2 | J36: K/W | K36: =G130 -> 0.00036551636 | M36: TF16 | N36: K | O36: =O35+$O$27*$O$24 -> 295.91445 | Q36: THB 18 | S36: =O59-273 -> 63.71291
A37: Length of bottom section | B37: mm | C37: 4 | E37: Actual Area | F37: m^2 | G37: =G35-G36 -> 0.00033972567 | I37: In Parallel Conduction of Steel and Aluminium through each Fin 3 | J37: K/W | K37: =G129 -> 0.84788501 | M37: TF15 | N37: K | O37: =O36+$O$27*$O$23 -> 296.14295 | P37: F8 | Q37: THB 19 | S37: =O58-273 -> 53.93326
A38: Length of middle section | B38: mm | C38: 2.5 | E38: Conductive Aluminium Resistance in Bottom Section Heat Block | F38: K/W | G38: =G32/(G31*G37) -> 0.075815879 | I38: In Parallel Condunction of Steel and Aluminium and Convection through Gap 3 | J38: K/W | K38: =G130 -> 0.00036551636 | M38: TF14 | N38: K | O38: =O37+$O$27*$O$24 -> 296.14304 | Q38: THB 20 | S38: =O57-273 -> 44.153611
A39: Length of top section | B39: mm | C39: 5 | E39: In Parallel Conduction of Brass and Aluminium in Bottom Section of Heat Block | G39: =((1/G29)+(1/G38))^(-1) -> 0.063474577 | I39: In Parallel Conduction of Steel and Aluminium through each Fin 4 | J39: K/W | K39: =G129 -> 0.84788501 | M39: TF13 | N39: K | O39: =O38+$O$27*$O$25 -> 296.35028 | P39: F7 | Q39: THB 21 | S39: =O56-273 -> 34.373961
A40: Heat Break Dimensions Inside of Heat Block (Modelled as Flat Plate but Cylindrical Area) | I40: In Parallel Condunction of Steel and Aluminium and Convection through Gap 4 | J40: K/W | K40: =G130 -> 0.00036551636 | M40: TF12 | N40: K | O40: =O39+$O$27*$O$26 -> 296.35037 | Q40: TF1 - Bottom of Heat Sink | R40: C | S40: =O51-273 -> 24.594312
A41: Inner Radius | B41: mm | C41: 1 | E41: In Parallel Conduction of Brass and Aluminium in Middle Section of Heat Block | I41: In Parallel Conduction of Steel and Aluminium through each Fin 5 | J41: K/W | K41: =G129 -> 0.84788501 | M41: TF11 | N41: K | O41: =O40+$O$27*$O$25 -> 296.55762 | P41: F6 | Q41: TF2 | R41: C | S41: =O50-273 -> 24.387063
A42: Outer Radius | B42: mm | C42: 3 | I42: In Parallel Condunction of Steel and Aluminium and Convection through Gap 5 | J42: K/W | K42: =G130 -> 0.00036551636 | M42: TF10 | N42: K | O42: =O41+$O$27*$O$26 -> 296.55771 | Q42: TF3 | R42: C | S42: =O49-273 -> 24.386974
A43: Heat Break Dimensions between Heat Block and Heat Sink (Modelled as Cylinder) | E43: Cylindrical Conduction Resistance of Brass in Middle Heat Block | I43: In Parallel Conduction of Steel and Aluminium through each Fin 6 | J43: K/W | K43: =G129 -> 0.84788501 | M43: TF09 | N43: K | O43: =O42+$O$27*$O$25 -> 296.76496 | P43: F5 | Q43: TF4 | R43: C | S43: =O48-273 -> 24.179725
A44: Inner Radius | B44: mm | C44: 1 | E44: Inner Radius | F44: m | G44: =C31/1000 -> 0.001 | I44: In Parallel Condunction of Steel and Aluminium and Convection through Gap 6 | J44: K/W | K44: =G130 -> 0.00036551636 | M44: TF08 | N44: K | O44: =O43+$O$27*$O$26 -> 296.76505 | Q44: TF5 | R44: C | S44: =O47-273 -> 24.179636
A45: Outer Radius | B45: mm | C45: 1.48 | E45: Outer Radius | F45: m | G45: =C32/1000 -> 0.003 | I45: In Parallel Conduction of Steel and Aluminium through each Fin 7 | J45: K/W | K45: =G129 -> 0.84788501 | M45: TF07 | N45: K | O45: =O44+$O$27*$O$25 -> 296.9723 | P45: F4 | Q45: TF6 | R45: C | S45: =O46-273 -> 23.972387
A46: Step Length | B46: mm | C46: 0.1 | E46: Length of middle section | F46: m | G46: =C38/1000 -> 0.0025 | I46: In Parallel Conduction of Aluminium and Convection through the Gap 7 | J46: K/W | K46: =G132 -> 0.00036552613 | M46: TF06 | N46: K | O46: =O45+$O$27*$O$26 -> 296.97239 | Q46: TF7 | R46: C | S46: =O45-273 -> 23.972298
A47: Total Length | B47: mm | C47: 2.1 | E47: Thermal Conducitvity of Brass | F47: W/mK | G47: =C10 -> 112.1 | I47: Conduction of Aluminium through Fin 8 | J47: K/W | K47: =G131 -> 0.93482664 | M47: TF05 | N47: K | O47: =O46+$O$27*$O$25 -> 297.17964 | P47: F3 | Q47: TF8 | R47: C | S47: =O44-273 -> 23.765049
A48: Heat Break Dimensions inside Heat Sink (Modelled as Cylinder) | E48: Conductive Brass Resistance in Middle Section Heat Block | F48: K/W | G48: =LN((G45/G44))/(2*pi()*G46*G47) -> 0.62390571 | I48: In Parallel Conduction of Aluminium and Convection through the Gap 8 | J48: K/W | K48: =G132 -> 0.00036552613 | M48: TF04 | N48: K | O48: =O47+$O$27*$O$26 -> 297.17973 | Q48: TF9 | R48: C | S48: =O43-273 -> 23.76496
A49: Inner Radius | B49: mm | C49: 1 | E49: Flat Plate Conduction Resistance of aluminium middle of heat block | I49: Conduction of Aluminium through Fin 9 | J49: K/W | K49: =G131 -> 0.93482664 | M49: TF03 | N49: K | O49: =O48+$O$27*$O$25 -> 297.38697 | P49: F2 | Q49: TF10 | R49: C | S49: =O42-273 -> 23.557711
A50: Outer Radius | B50: mm | C50: 3.5 | E50: Thermal Conducitvity of Aluminium | F50: W/mK | G50: =C9 -> 155.3 | I50: In Parallel Conduction of Aluminium and Convection through the Gap 9 | J50: K/W | K50: =G132 -> 0.00036552613 | M50: TF02 | N50: K | O50: =O49+$O$27*$O$26 -> 297.38706 | Q50: TF11 | R50: C | S50: =O41-273 -> 23.557622
A51: Heat Sink Dimensions (Modelled as Cylinder) | E51: Length of middle section | F51: m | G51: =C38/1000 -> 0.0025 | I51: Conduction of Aluminium through Fin 10 | J51: K/W | K51: =G131 -> 0.93482664 | M51: Bottom of Heat Sink Temperature - TF1 | N51: K | O51: =O50+$O$27*$O$25 -> 297.59431 | P51: F1 | Q51: TF12 | R51: C | S51: =O40-273 -> 23.350373
A52: Inner Radius | B52: mm | C52: =average(2.1,3.5) -> 2.8 | E52: Width | F52: m | G52: =C35/1000 -> 0.023 | I52: In Parallel Conduction of Aluminium and Convection through the Gap 10 | J52: K/W | K52: =G132 -> 0.00036552613 | Q52: TF13 | R52: C | S52: =O39-273 -> 23.350284
A53: Middle Radius | B53: mm | C53: 4 | E53: Depth | F53: m | G53: =C36/1000 -> 0.016 | I53: Conduction of Aluminium through Fin 11 | J53: K/W | K53: =G131 -> 0.93482664 | M53: Temperature throughout Heatbreak Neck | Q53: TF14 | R53: C | S53: =O38-273 -> 23.143035
A54: Outer Radius | B54: mm | C54: 11 | E54: Area of Rectangle | F54: m^2 | G54: =G53*G52 -> 0.000368 | I54: In Parallel Conduction of Aluminium and Convection through the Gap 11 | J54: K/W | K54: =G132 -> 0.00036552613 | M54: Resistance through Step of Heatbreak | N54: K/W | O54: =K12 -> 40.009996 | Q54: TF15 | R54: C | S54: =O37-273 -> 23.142946
A55: Length for Each Fin | B55: mm | C55: 1.5 | E55: Area of Cylinder | F55: m^2 | G55: =pi()*G45^2 -> 2.8274334e-05 | I55: Conduction of Aluminium through Fin 12 | J55: K/W | K55: =G131 -> 0.93482664 | M55: Total Top Heat out | N55: W | O55: =K71 -> 0.24443015 | Q55: TF16 | R55: C | S55: =O36-273 -> 22.914446
A56: Length for Each Gap | B56: mm | C56: 1 | E56: Actual Area | F56: m^2 | G56: =G54-G55 -> 0.00033972567 | I56: In Parallel Conduction of Aluminium and Convection through the Gap 12 | J56: K/W | K56: =G132 -> 0.00036552613 | M56: TBH21 | N56: K | O56: =O51+$O$55*$O$54 -> 307.37396 | Q56: TF17 | R56: C | S56: =O35-273 -> 22.914357
E57: Conductive Aluminium Resistance in Middle Section Heat Block | F57: K/W | G57: =G51/(G50*G56) -> 0.047384925 | I57: Total Top Resistance | J57: K/W | K57: =SUM(K10:K56) -> 850.95885 | M57: TBH20 | N57: K | O57: =O56+$O$55*$O$54 -> 317.15361 | Q57: TF18 | R57: C | S57: =O34-273 -> 22.685857
A58: Heat Sink Interacts funs parallel with 7 fins and 6 Gaps | E58: In Parallel Conduction of Brass and Aluminium in Middle Section of Heat Block | G58: =((1/G48)+(1/G57))^(-1) -> 0.044040127 | M58: TBH19 | N58: K | O58: =O57+$O$55*$O$54 -> 326.93326 | Q58: TF19 | R58: C | S58: =O33-273 -> 22.685767
I59: Total Heat Out (except Filament) | M59: TBH18 | N59: K | O59: =O58+$O$55*$O$54 -> 336.71291 | Q59: TF20 | R59: C | S59: =O32-273 -> 22.457268
E60: In Parallel Conduction of Steel and Aluminium in Top Section of Heat Block | M60: TBH17 | N60: K | O60: =O59+$O$55*$O$54 -> 346.49256 | Q60: TF21 | R60: C | S60: =O31-273 -> 22.457178
I61: Name | J61: Units | K61: Value | M61: TBH16 | N61: K | O61: =O60+$O$55*$O$54 -> 356.27221 | Q61: TF22 | R61: C | S61: =O30-273 -> 22.228679
E62: Cylindrical Conduction Resistance of steel top half of heat block | I62: Total Heat Out through the Bottom | M62: TBH15 | N62: K | O62: =O61+$O$55*$O$54 -> 366.05186 | Q62: TF23 | R62: C | S62: =O29-273 -> 22.228589
E63: Inner Radius | F63: m | G63: =C41/1000 -> 0.001 | I63: Temperature of the Heater Cartridge | J63: K | K63: =C6+273 -> 503 | M63: TBH14 | N63: K | O63: =O62+$O$55*$O$54 -> 375.83151 | Q63: TF24 - Top of Heat Sink | R63: C | S63: =O28-273 -> 22.000089
E64: Outer Radius | F64: m | G64: =C42/1000 -> 0.003 | I64: Temperature of the Ambient Air | J64: K | K64: =C7+273 -> 295 | M64: TBH13 | N64: K | O64: =O63+$O$55*$O$54 -> 385.61116 | Q64: Ambient Temperature | R64: C | S64: =C7 -> 22
E65: Length of top section | F65: m | G65: =C39/1000 -> 0.005 | I65: Total Bottom Resistance | J65: K/W | K65: =K8 -> 5126.587 | M65: TBH12 | N65: K | O65: =O64+$O$55*$O$54 -> 395.39081
E66: Thermal Conducitvity of Stainless Steel | F66: W/mK | G66: =C11 -> 14.58 | I66: Total Bottom Heat Out | J66: W | K66: =(K63-K64)/K65 -> 0.040572802 | M66: TBH11 | N66: K | O66: =O65+$O$55*$O$54 -> 405.17046
E67: Conductive Stell Resistance in Top Section Heat Block | F67: K/W | G67: =LN((G64/G63))/(2*pi()*G65*G66) -> 2.3984853 | I67: Total Heat Out through the Top | M67: TBH10 | N67: K | O67: =O66+$O$55*$O$54 -> 414.95011
E68: Flat Plate Conduction Resistance of aluminium top half of heat block | I68: Temperature of the Heater Cartridge | J68: K | K68: =C6+273 -> 503 | M68: TBH09 | N68: K | O68: =O67+$O$55*$O$54 -> 424.72976
E69: Thermal Conducitvity of Aluminium | F69: W/mK | G69: =C9 -> 155.3 | I69: Temperature of the Ambient Air | J69: K | K69: =C7+273 -> 295 | M69: TBH08 | N69: K | O69: =O68+$O$55*$O$54 -> 434.5094
E70: Length of top section | F70: m | G70: =C39/1000 -> 0.005 | I70: Total Top Resistance | J70: K/W | K70: =K57 -> 850.95885 | M70: TBH07 | N70: K | O70: =O69+$O$55*$O$54 -> 444.28905
E71: Width | F71: m | G71: =C35/1000 -> 0.023 | I71: Total Top Heat Out | J71: W | K71: =(K68-K69)/K70 -> 0.24443015 | M71: TBH06 | N71: K | O71: =O70+$O$55*$O$54 -> 454.0687
E72: Depth | F72: m | G72: =C36/1000 -> 0.016 | M72: TBH05 | N72: K | O72: =O71+$O$55*$O$54 -> 463.84835
E73: Area of Rectangle | F73: m^2 | G73: =G71*G72 -> 0.000368 | I73: Total Heat Out (Filament) | M73: TBH04 | N73: K | O73: =O72+$O$55*$O$54 -> 473.628
E74: Area of Cylinder | F74: m^2 | G74: =pi()*G64^2 -> 2.8274334e-05 | M74: TBH03 | N74: K | O74: =O73+$O$55*$O$54 -> 483.40765
E75: Actual Area | F75: m^2 | G75: =G73-G74 -> 0.00033972567 | I75: Mass Flowrate of PLA | M75: TBH02 | N75: K | O75: =O74+$O$55*$O$54 -> 493.1873
E76: Conductive Aluminium Resistance in Top Section Heat Block | F76: K/W | G76: =G70/(G69*G75) -> 0.094769849 | I76: Density of PLA | J76: kg/m^3 | K76: =C17 -> 1240
E77: In Parallel Conduction of Steel and Aluminium in Top Section of Heat Block | G77: =((1/G67)+(1/G76))^(-1) -> 0.091167601 | I77: Volumetric Flow Rate of PLA | J77: m^3/s | K77: =C18/10^9 -> 1.5e-08 | M77: Temperature at Top of Heat Block
I78: Mass Flowrate | J78: kg/s | K78: =K77*K76 -> 1.86e-05 | M78: TBH02 | N78: K | O78: =O75 -> 493.1873
E79: In Parallel Conduction of Steel and Convection through neck of Heat Break | I79: Total Heat Out through Filament | M79: In Parallel Conduction of Steel and Convection through neck of Heat Break | N79: K/W | O79: =K32 -> 40.009996
I80: Mass Flowrate | J80: kg/s | K80: =K78 -> 1.86e-05 | M80: Total Top Heat Out | N80: W | O80: =K71 -> 0.24443015
E81: Cylindrical Conduction Resistance of Heat Break | I81: Specifc Heat Capacity of PLA | J81: J/kgK | K81: =C19 -> 1800 | M81: Top of Heat Block Temperature | N81: K | O81: =O78+O79*O80 -> 502.96695
E82: Inner Radius | F82: m | G82: =C44/1000 -> 0.001 | I82: Temperature Unheated PLA | J82: K | K82: =C20+273 -> 333 | M82: Temperature at Bottom of Heat Break
E83: Outer Radius | F83: m | G83: =C45/1000 -> 0.00148 | I83: Temperature Heated PLA | J83: K | K83: =C21+273 -> 503 | M83: Bottom of Heat Sink Temperature | N83: K | O83: =O81 -> 502.96695
E84: Length | F84: m | G84: =C46/1000 -> 0.0001 | I84: Total Filament Heat Out | J84: W | K84: =K80*K81*(K83-K82) -> 5.6916 | M84: In Parallel Conduction of Steel and Aluminium in Top Section of Heat Block | N84: K/W | O84: =K11 -> 0.091167601
E85: Thermal Conducitvity of Stainless Steel | F85: W/mK | G85: =C11 -> 14.58 | M85: Total Top Heat Out | N85: W | O85: =K71 -> 0.24443015
E86: Conductive Heat Break Resistance | F86: K/W | G86: =LN((G83/G82))/(2*pi()*G84*G85) -> 42.795224 | I86: Total Heat In (Heater Cartridge) | M86: Top of Heat Block Temperature | N86: K | O86: =O83+O84*O85 -> 502.98924
E87: Natural Cylindrical Convection Resistance between Heat Block and Heat Sink
E88: Forced Convective Top Air Heat Transfer Coefficient | F88: W/m^2K | G88: =C13 -> 4.5045031 | I88: Name | J88: Units | K88: Value
E89: Width | F89: m | G89: =C35/1000 -> 0.023 | I89: Total Heat Out through the Bottom
E90: Depth | F90: m | G90: =C36/1000 -> 0.016 | I90: Total Bottom Heat Out | J90: W | K90: =K66 -> 0.040572802
E91: Area of Rectangle | F91: m^2 | G91: =G90*G89 -> 0.000368 | I91: Total Top Heat Out | J91: W | K91: =K71 -> 0.24443015
E92: Area of Cylinder | F92: m^2 | G92: =pi()*G83^2 -> 6.8813445e-06 | I92: Total Filament Heat Out | J92: W | K92: =K84 -> 5.6916
E93: Actual Area | F93: m^2 | G93: =G91-G92 -> 0.00036111866 | I93: Total Heat In | J93: W | K93: =SUM(K90:K92) -> 5.976603
E94: Natural Convective Resistance through neck of Heat Break | F94: K/W | G94: =1/(G88*G93) -> 614.75657
E95: In Parallel Conduction of Steel and Convection through neck of Heat Break | G95: =((1/G86)+(1/G94))^(-1) -> 40.009996
E97: In Parallel Conduction of Steel, Conduction of Aluminium and Convection through first 7 fins of Heat Sink (note same thing but without steel for the last 5 fins)
E99: Cylindrical Conduction Resistance aluminium through each Fin of Heat Sink
E100: Inner Radius | F100: m | G100: =C52/1000 -> 0.0028
E101: Outer Radius | F101: m | G101: =C54/1000 -> 0.011
E102: Length | F102: m | G102: =C55/1000 -> 0.0015
E103: Thermal Conducitvity of Aluminium | F103: W/mK | G103: =C9 -> 155.3
E104: Aluminium Conductive Heat Sink Resistance per Fin | F104: K/W | G104: =LN((G101/G100))/(2*pi()*G102*G103) -> 0.93482664
...

Sheet Solution 5
A2: Initial Inputs | E2: Individiual Resistance | I2: Total Resistance | M2: Temperature at Different Points | Q2: Final Values Summary
A4: Name | B4: Units | C4: Value | E4: Name | F4: Units | G4: Value | I4: Name | J4: Units | K4: Value | M4: Name | N4: Units | O4: Value | Q4: Name | R4: Units | S4: Value
A5: Initial Temperatures | I5: Total Resistance through the Bottom | M5: Temperature at Bottom of Nozzle | Q5: Heat Balance
A6: Temperature of the Heater Cartridge | B6: C | C6: 230 | E6: In Series Convection and Conduction of Nozzle | I6: In Series Convection and Conduction of Nozzle outside heatblock | J6: K/W | K6: =G20 -> 5126.5236 | M6: Temperature of the Ambient Air | N6: K | O6: =C7+273 -> 295 | Q6: Total Heat In | R6: W | S6: =K79 -> 7.6520564
A7: Temperature of the Ambient AIr | B7: C | C7: 22 | I7: In Parallel Conduction of Brass and Aluminium in Bottom Section of Heat Block | J7: K/W | K7: =G39 -> 0.063474577 | M7: Natural Convective Nozzle Resistance Outside of Heat Block | N7: K/W | O7: =G13 -> 5126.2271 | Q7: Total Heat Out through Bottom | R7: W | S7: =K52 -> 0.040572802
A8: Thermal Conductivity | E8: Natural Convection Resistance between Nozzle and Ambient Air | I8: Total Bottom Resistance | J8: K/W | K8: =SUM(K6:K7) -> 5126.587 | M8: Total Bottom Heat Out | N8: W | O8: =K52 -> 0.040572802 | Q8: Total Heat Out through Top | R8: W | S8: =K57 -> 1.9198836
A9: Alumnium | B9: W/mK | C9: 155.3 | E9: Natural Convective Bottom Air Heat Transfer Coefficient | F9: W/m^2K | G9: =C14 -> 5.5195003 | I9: Total Resistance through the Top | M9: Bottom of Nozzle Temperature | N9: K | O9: =O6+O7*O8 -> 502.9854 | Q9: Total Heat Out through Filament | R9: W | S9: =K70 -> 5.6916
A10: Brass | B10: W/mK | C10: 112.1 | E10: Inner Radius | F10: m | G10: =C27/1000 -> 0.001 | I10: In Parallel Conduction of Brass and Aluminium in Middle Section of Heat Block | J10: K/W | K10: =G58 -> 0.044040127 | M10: Temperature at Bottom of Heat Block | Q10: Check | S10: =S6-SUM(S7:S9) -> 0
A11: Stainless Steel | B11: W/mK | C11: 14.58 | E11: Outer Radius | F11: m | G11: =C28/1000 -> 0.0035 | I11: In Parallel Conduction of Steel and Aluminium in Top Section of Heat Block | J11: K/W | K11: =G77 -> 0.091167601 | M11: Bottom of Nozzle Temperature | N11: K | O11: =O9 -> 502.9854
A12: Convective Heat Transfer Coefficient | E12: Area of nozzle | F12: m^2 | G12: =pi()*(G11^2-G10^2) -> 3.5342917e-05 | I12: In Parallel Conduction of Steel and Convection through neck of Heat Break 1 | J12: K/W | K12: =$G$95 -> 13.941568 | M12: Conductive Nozzle Resistance Outside of Heat Block | N12: K/W | O12: =G19 -> 0.29643684 | Q12: Name | R12: Units | S12: Value
A13: Natural Air at top of heat block | B13: W/m^2K | C13: ='Natural and Forced Convection C'!S5 -> 4.5045031 | E13: Natural Convective Nozzle Resistance Outside of Heat Block | F13: K/W | G13: =1/(G9*G12) -> 5126.2271 | I13: In Parallel Conduction of Steel and Convection through neck of Heat Break 2 | J13: K/W | K13: =$G$95 -> 13.941568 | M13: Total Bottom Heat Out | N13: W | O13: =K52 -> 0.040572802 | Q13: Temperature Values
A14: Natural Air at bottom of nozzle | B14: W/m^2K | C14: ='Natural and Forced Convection C'!S6 -> 5.5195003 | E14: Cylindrical Conduction Resistance of Nozzle | I14: In Parallel Conduction of Steel and Convection through neck of Heat Break 3 | J14: K/W | K14: =$G$95 -> 13.941568 | M14: Bottom of Heat Block Temperature | N14: K | O14: =O11+O12*O13 -> 502.99742 | Q14: Ambient Temperature | R14: C | S14: =C7 -> 22
A15: Forced Air (from Fan) | B15: W/m^2K | C15: ='Natural and Forced Convection C'!S7 -> 54.430806 | E15: Inner Radius | F15: m | G15: =C27/1000 -> 0.001 | I15: In Parallel Conduction of Steel and Convection through neck of Heat Break 4 | J15: K/W | K15: =$G$95 -> 13.941568 | Q15: Bottom of Nozzle Temperature | R15: C | S15: =O9-273 -> 229.9854
A16: PLA Properties | E16: Outer Radius | F16: m | G16: =C28/1000 -> 0.0035 | I16: In Parallel Conduction of Steel and Convection through neck of Heat Break 5 | J16: K/W | K16: =$G$95 -> 13.941568 | M16: Temperature at Top of Heat Sink - TF24 | Q16: Bottom of Heat Block Temperature | R16: C | S16: =O14-273 -> 229.99742
A17: Density of PLA | B17: kg/m^3 | C17: 1240 | E17: Length | F17: m | G17: =C29/1000 -> 0.006 | I17: In Parallel Conduction of Steel and Convection through neck of Heat Break 6 | J17: K/W | K17: =$G$95 -> 13.941568 | M17: Temperature of the Ambient Air | N17: K | O17: =C7+273 -> 295 | Q17: Heater Cartridge Temperature | R17: C | S17: =C6 -> 230
A18: Estimated Volumetric Flow Rate of PLA | B18: mm^3/s | C18: 15 | E18: Thermal Conducitvity of Brass | F18: W/mK | G18: =C10 -> 112.1 | I18: In Parallel Conduction of Steel and Convection through neck of Heat Break 7 | J18: K/W | K18: =$G$95 -> 13.941568 | M18: Heat Sink Resistance per Gap for top 6 | N18: K/W | O18: =K42 -> 0.00036552613 | Q18: Bottom of Heat Break Temperature | R18: C | S18: =O72-273 -> 229.91545
A19: Specific Heat Capacity of PLA | B19: J/kgK | C19: 1800 | E19: Conductive Nozzle Resistance Outside of Heat Block | F19: K/W | G19: =LN((G16/G15))/(2*pi()*G17*G18) -> 0.29643684 | I19: In Parallel Conduction of Steel and Aluminium through each Fin 1 | J19: K/W | K19: =G129 -> 0.84788501 | M19: Total Top Heat Out | N19: W | O19: =K57 -> 1.9198836 | Q19: Top of Heat Block Temperature | R19: C | S19: =O67-273 -> 229.74042
A20: Temperature of unheated PLA | B20: C | C20: 60 | E20: In Series Convection and Conduction of Nozzle outside heatblock | G20: =G13+G19 -> 5126.5236 | I20: In Parallel Condunction of Steel and Aluminium and Convection through Gap 1 | J20: K/W | K20: =G130 -> 0.00036551636 | M20: Top of Heat Sink Temperature - TF24 | N20: K | O20: =O17+O18*O19 -> 295.0007 | Q20: THB 2 | S20: =O61-273 -> 202.97423
A21: Temperature of heated PLA | B21: C | C21: 230 | I21: In Parallel Conduction of Steel and Aluminium through each Fin 2 | J21: K/W | K21: =G129 -> 0.84788501 | Q21: THB 3 | S21: =O60-273 -> 176.20804
E22: In Parallel Conduction of Brass and Aluminium in Bottom Section of Heat Block | I22: In Parallel Condunction of Steel and Aluminium and Convection through Gap 2 | J22: K/W | K22: =G130 -> 0.00036551636 | M22: Temperature of all the Fins | Q22: THB 4 | S22: =O59-273 -> 149.44185
A23: Dimensions | I23: In Parallel Conduction of Steel and Aluminium through each Fin 3 | J23: K/W | K23: =G129 -> 0.84788501 | M23: Heat Sink Resistance per Fin for Top 5 | N23: K/W | O23: =K41 -> 0.93482664 | Q23: THB 5 | S23: =O58-273 -> 122.67566
E24: Cylindrical Conduction Resistance of Brass in Heat Block | I24: In Parallel Condunction of Steel and Aluminium and Convection through Gap 3 | J24: K/W | K24: =G130 -> 0.00036551636 | M24: Heat Sink Resistance per Gap for Top 6 | N24: K/W | O24: =K42 -> 0.00036552613 | Q24: THB 6 | S24: =O57-273 -> 95.909474
A25: Name | B25: Units | C25: Value | E25: Inner Radius | F25: m | G25: =C31/1000 -> 0.001 | I25: In Parallel Conduction of Steel and Aluminium through each Fin 4 | J25: K/W | K25: =G129 -> 0.84788501 | M25: Heat Sink Resistance per Fin for Top 7 | N25: K/W | O25: =K31 -> 0.84788501 | Q25: THB 7 | S25: =O56-273 -> 69.143285
A26: Nozzle Dimensions Outside of Heat Block (Modelled as Cylinder) | E26: Outer Radius | F26: m | G26: =C32/1000 -> 0.003 | I26: In Parallel Condunction of Steel and Aluminium and Convection through Gap 4 | J26: K/W | K26: =G130 -> 0.00036551636 | M26: Heat Sink Resistance per Gap for Top 6 | N26: K/W | O26: =K30 -> 0.00036551636 | Q26: TF1 - Bottom of Heat Sink | R26: C | S26: =O51-273 -> 42.377096
A27: Inner Radius | B27: mm | C27: 1 | E27: Length of bottom section | F27: m | G27: =C37/1000 -> 0.004 | I27: In Parallel Conduction of Steel and Aluminium through each Fin 5 | J27: K/W | K27: =G129 -> 0.84788501 | M27: Total Top Heat Out | N27: W | O27: =K57 -> 1.9198836 | Q27: TF2 | R27: C | S27: =O50-273 -> 40.749256
A28: Outer Radius | B28: mm | C28: 3.5 | E28: Thermal Conducitvity of Brass | F28: W/mK | G28: =C10 -> 112.1 | I28: In Parallel Condunction of Steel and Aluminium and Convection through Gap 5 | J28: K/W | K28: =G130 -> 0.00036551636 | M28: Top of Heat Sink Temperature - TF24 | N28: K | O28: =O20 -> 295.0007 | Q28: TF3 | R28: C | S28: =O49-273 -> 40.748554
A29: Length | B29: mm | C29: 6 | E29: Conductive Brass Resistance in Bottom Section Heat Block | F29: K/W | G29: =LN((G26/G25))/(2*pi()*G27*G28) -> 0.38994107 | I29: In Parallel Conduction of Steel and Aluminium through each Fin 6 | J29: K/W | K29: =G129 -> 0.84788501 | M29: TF23 | N29: K | O29: =O28+$O$27*$O$23 -> 296.79546 | P29: F12 | Q29: TF4 | R29: C | S29: =O48-273 -> 39.120714
A30: Nozzle Dimensions Inside of Heat Block (Modelled as Cylindrer) | E30: Flat Plate Conduction Resistance of aluminium bottom half of heat block | I30: In Parallel Condunction of Steel and Aluminium and Convection through Gap 6 | J30: K/W | K30: =G130 -> 0.00036551636 | M30: TF22 | N30: K | O30: =O29+$O$27*$O$24 -> 296.79616 | Q30: TF5 | R30: C | S30: =O47-273 -> 39.120012
A31: Inner Radius | B31: mm | C31: 1 | E31: Thermal Conducitvity of Aluminium | F31: W/mK | G31: =C9 -> 155.3 | I31: In Parallel Conduction of Steel and Aluminium through each Fin 7 | J31: K/W | K31: =G129 -> 0.84788501 | M31: TF21 | N31: K | O31: =O30+$O$27*$O$23 -> 298.59092 | P31: F11 | Q31: TF6 | R31: C | S31: =O46-273 -> 37.492171
A32: Outer Radius | B32: mm | C32: 3 | E32: Length of bottom section | F32: m | G32: =C37/1000 -> 0.004 | I32: In Parallel Conduction of Aluminium and Convection through the Gap 7 | J32: K/W | K32: =G132 -> 0.00036552613 | M32: TF20 | N32: K | O32: =O31+$O$27*$O$24 -> 298.59162 | Q32: TF7 | R32: C | S32: =O45-273 -> 37.49147
A33: Heat Block Dimensions (Modelled as Flat Plate) | E33: Width | F33: m | G33: =C35/1000 -> 0.023 | I33: Conduction of Aluminium through Fin 8 | J33: K/W | K33: =G131 -> 0.93482664 | M33: TF19 | N33: K | O33: =O32+$O$27*$O$23 -> 300.38638 | P33: F10 | Q33: TF8 | R33: C | S33: =O44-273 -> 35.863629
A34: Cross-sectional Area Values (we will need to minus the area from the nozzle/heat break hole) | E34: Depth | F34: m | G34: =C36/1000 -> 0.016 | I34: In Parallel Conduction of Aluminium and Convection through the Gap 8 | J34: K/W | K34: =G132 -> 0.00036552613 | M34: TF18 | N34: K | O34: =O33+$O$27*$O$24 -> 300.38708 | Q34: TF9 | R34: C | S34: =O43-273 -> 35.862927
A35: Width | B35: mm | C35: 23 | E35: Area of Rectangle | F35: m^2 | G35: =G34*G33 -> 0.000368 | I35: Conduction of Aluminium through Fin 9 | J35: K/W | K35: =G131 -> 0.93482664 | M35: TF17 | N35: K | O35: =O34+$O$27*$O$23 -> 302.18184 | P35: F9 | Q35: TF10 | R35: C | S35: =O42-273 -> 34.235087
A36: Depth | B36: mm | C36: 16 | E36: Area of Cylinder | F36: m^2 | G36: =pi()*(G26)^2 -> 2.8274334e-05 | I36: In Parallel Conduction of Aluminium and Convection through the Gap 9 | J36: K/W | K36: =G132 -> 0.00036552613 | M36: TF16 | N36: K | O36: =O35+$O$27*$O$24 -> 302.18254 | Q36: TF11 | R36: C | S36: =O41-273 -> 34.234385
A37: Length of bottom section | B37: mm | C37: 4 | E37: Actual Area | F37: m^2 | G37: =G35-G36 -> 0.00033972567 | I37: Conduction of Aluminium through Fin 10 | J37: K/W | K37: =G131 -> 0.93482664 | M37: TF15 | N37: K | O37: =O36+$O$27*$O$23 -> 303.9773 | P37: F8 | Q37: TF12 | R37: C | S37: =O40-273 -> 32.606545
A38: Length of middle section | B38: mm | C38: 2.5 | E38: Conductive Aluminium Resistance in Bottom Section Heat Block | F38: K/W | G38: =G32/(G31*G37) -> 0.075815879 | I38: In Parallel Conduction of Aluminium and Convection through the Gap 10 | J38: K/W | K38: =G132 -> 0.00036552613 | M38: TF14 | N38: K | O38: =O37+$O$27*$O$24 -> 303.978 | Q38: TF13 | R38: C | S38: =O39-273 -> 32.605843
A39: Length of top section | B39: mm | C39: 5 | E39: In Parallel Conduction of Brass and Aluminium in Bottom Section of Heat Block | G39: =((1/G29)+(1/G38))^(-1) -> 0.063474577 | I39: Conduction of Aluminium through Fin 11 | J39: K/W | K39: =G131 -> 0.93482664 | M39: TF13 | N39: K | O39: =O38+$O$27*$O$25 -> 305.60584 | P39: F7 | Q39: TF14 | R39: C | S39: =O38-273 -> 30.978002
A40: Heat Break Dimensions Inside of Heat Block (Modelled as Flat Plate but Cylindrical Area) | I40: In Parallel Conduction of Aluminium and Convection through the Gap 11 | J40: K/W | K40: =G132 -> 0.00036552613 | M40: TF12 | N40: K | O40: =O39+$O$27*$O$26 -> 305.60654 | Q40: TF15 | R40: C | S40: =O37-273 -> 30.977301
A41: Inner Radius | B41: mm | C41: 1 | E41: In Parallel Conduction of Brass and Aluminium in Middle Section of Heat Block | I41: Conduction of Aluminium through Fin 12 | J41: K/W | K41: =G131 -> 0.93482664 | M41: TF11 | N41: K | O41: =O40+$O$27*$O$25 -> 307.23439 | P41: F6 | Q41: TF16 | R41: C | S41: =O36-273 -> 29.182542
A42: Outer Radius | B42: mm | C42: 3 | I42: In Parallel Conduction of Aluminium and Convection through the Gap 12 | J42: K/W | K42: =G132 -> 0.00036552613 | M42: TF10 | N42: K | O42: =O41+$O$27*$O$26 -> 307.23509 | Q42: TF17 | R42: C | S42: =O35-273 -> 29.18184
A43: Heat Break Dimensions between Heat Block and Heat Sink (Modelled as Cylinder) | E43: Cylindrical Conduction Resistance of Brass in Middle Heat Block | I43: Total Top Resistance | J43: K/W | K43: =SUM(K10:K42) -> 108.3399 | M43: TF09 | N43: K | O43: =O42+$O$27*$O$25 -> 308.86293 | P43: F5 | Q43: TF18 | R43: C | S43: =O34-273 -> 27.387082
A44: Inner Radius | B44: mm | C44: 1 | E44: Inner Radius | F44: m | G44: =C31/1000 -> 0.001 | M44: TF08 | N44: K | O44: =O43+$O$27*$O$26 -> 308.86363 | Q44: TF19 | R44: C | S44: =O33-273 -> 27.38638
A45: Outer Radius | B45: mm | C45: 1.48 | E45: Outer Radius | F45: m | G45: =C32/1000 -> 0.003 | I45: Total Heat Out (except Filament) | M45: TF07 | N45: K | O45: =O44+$O$27*$O$25 -> 310.49147 | P45: F4 | Q45: TF20 | R45: C | S45: =O32-273 -> 25.591622
A46: Step Length | B46: mm | C46: 0.3 | E46: Length of middle section | F46: m | G46: =C38/1000 -> 0.0025 | M46: TF06 | N46: K | O46: =O45+$O$27*$O$26 -> 310.49217 | Q46: TF21 | R46: C | S46: =O31-273 -> 25.59092
A47: Total Length | B47: mm | C47: 2.1 | E47: Thermal Conducitvity of Brass | F47: W/mK | G47: =C10 -> 112.1 | I47: Name | J47: Units | K47: Value | M47: TF05 | N47: K | O47: =O46+$O$27*$O$25 -> 312.12001 | P47: F3 | Q47: TF22 | R47: C | S47: =O30-273 -> 23.796162
A48: Heat Break Dimensions inside Heat Sink (Modelled as Cylinder) | E48: Conductive Brass Resistance in Middle Section Heat Block | F48: K/W | G48: =LN((G45/G44))/(2*pi()*G46*G47) -> 0.62390571 | I48: Total Heat Out through the Bottom | M48: TF04 | N48: K | O48: =O47+$O$27*$O$26 -> 312.12071 | Q48: TF23 | R48: C | S48: =O29-273 -> 23.79546
A49: Inner Radius | B49: mm | C49: 1 | E49: Flat Plate Conduction Resistance of aluminium middle of heat block | I49: Temperature of the Heater Cartridge | J49: K | K49: =C6+273 -> 503 | M49: TF03 | N49: K | O49: =O48+$O$27*$O$25 -> 313.74855 | P49: F2 | Q49: TF24 - Top of Heat Sink | R49: C | S49: =O28-273 -> 22.000702
A50: Outer Radius | B50: mm | C50: 3.5 | E50: Thermal Conducitvity of Aluminium | F50: W/mK | G50: =C9 -> 155.3 | I50: Temperature of the Ambient Air | J50: K | K50: =C7+273 -> 295 | M50: TF02 | N50: K | O50: =O49+$O$27*$O$26 -> 313.74926 | Q50: Ambient Temperature | R50: C | S50: =C7 -> 22
A51: Heat Sink Dimensions (Modelled as Cylinder) | E51: Length of middle section | F51: m | G51: =C38/1000 -> 0.0025 | I51: Total Bottom Resistance | J51: K/W | K51: =K8 -> 5126.587 | M51: Bottom of Heat Sink Temperature - TF1 | N51: K | O51: =O50+$O$27*$O$25 -> 315.3771 | P51: F1
A52: Inner Radius | B52: mm | C52: =average(2.1,3.5) -> 2.8 | E52: Width | F52: m | G52: =C35/1000 -> 0.023 | I52: Total Bottom Heat Out | J52: W | K52: =(K49-K50)/K51 -> 0.040572802
A53: Middle Radius | B53: mm | C53: 4 | E53: Depth | F53: m | G53: =C36/1000 -> 0.016 | I53: Total Heat Out through the Top | M53: Temperature throughout Heatbreak Neck
A54: Outer Radius | B54: mm | C54: 11 | E54: Area of Rectangle | F54: m^2 | G54: =G53*G52 -> 0.000368 | I54: Temperature of the Heater Cartridge | J54: K | K54: =C6+273 -> 503 | M54: Resistance through Step of Heatbreak | N54: K/W | O54: =K12 -> 13.941568
A55: Length for Each Fin | B55: mm | C55: 1.5 | E55: Area of Cylinder | F55: m^2 | G55: =pi()*G45^2 -> 2.8274334e-05 | I55: Temperature of the Ambient Air | J55: K | K55: =C7+273 -> 295 | M55: Total Top Heat out | N55: W | O55: =K57 -> 1.9198836
A56: Length for Each Gap | B56: mm | C56: 1 | E56: Actual Area | F56: m^2 | G56: =G54-G55 -> 0.00033972567 | I56: Total Top Resistance | J56: K/W | K56: =K43 -> 108.3399 | M56: TBH7 | N56: K | O56: =O51+$O$55*$O$54 -> 342.14329
E57: Conductive Aluminium Resistance in Middle Section Heat Block | F57: K/W | G57: =G51/(G50*G56) -> 0.047384925 | I57: Total Top Heat Out | J57: W | K57: =(K54-K55)/K56 -> 1.9198836 | M57: TBH6 | N57: K | O57: =O56+$O$55*$O$54 -> 368.90947
A58: Heat Sink Interacts funs parallel with 7 fins and 6 Gaps | E58: In Parallel Conduction of Brass and Aluminium in Middle Section of Heat Block | G58: =((1/G48)+(1/G57))^(-1) -> 0.044040127 | M58: TBH5 | N58: K | O58: =O57+$O$55*$O$54 -> 395.67566
I59: Total Heat Out (Filament) | M59: TBH4 | N59: K | O59: =O58+$O$55*$O$54 -> 422.44185
E60: In Parallel Conduction of Steel and Aluminium in Top Section of Heat Block | M60: TBH3 | N60: K | O60: =O59+$O$55*$O$54 -> 449.20804
I61: Mass Flowrate of PLA | M61: TBH2 | N61: K | O61: =O60+$O$55*$O$54 -> 475.97423
E62: Cylindrical Conduction Resistance of steel top half of heat block | I62: Density of PLA | J62: kg/m^3 | K62: =C17 -> 1240
E63: Inner Radius | F63: m | G63: =C41/1000 -> 0.001 | I63: Volumetric Flow Rate of PLA | J63: m^3/s | K63: =C18/10^9 -> 1.5e-08 | M63: Temperature at Top of Heat Block
E64: Outer Radius | F64: m | G64: =C42/1000 -> 0.003 | I64: Mass Flowrate | J64: kg/s | K64: =K63*K62 -> 1.86e-05 | M64: TBH02 | N64: K | O64: =O61 -> 475.97423
E65: Length of top section | F65: m | G65: =C39/1000 -> 0.005 | I65: Total Heat Out through Filament | M65: In Parallel Conduction of Steel and Convection through neck of Heat Break | N65: K/W | O65: =K12 -> 13.941568
E66: Thermal Conducitvity of Stainless Steel | F66: W/mK | G66: =C11 -> 14.58 | I66: Mass Flowrate | J66: kg/s | K66: =K64 -> 1.86e-05 | M66: Total Top Heat Out | N66: W | O66: =K57 -> 1.9198836
E67: Conductive Stell Resistance in Top Section Heat Block | F67: K/W | G67: =LN((G64/G63))/(2*pi()*G65*G66) -> 2.3984853 | I67: Specifc Heat Capacity of PLA | J67: J/kgK | K67: =C19 -> 1800 | M67: Top of Heat Block Temperature | N67: K | O67: =O64+O65*O66 -> 502.74042
E68: Flat Plate Conduction Resistance of aluminium top half of heat block | I68: Temperature Unheated PLA | J68: K | K68: =C20+273 -> 333 | M68: Temperature at Bottom of Heat Break
E69: Thermal Conducitvity of Aluminium | F69: W/mK | G69: =C9 -> 155.3 | I69: Temperature Heated PLA | J69: K | K69: =C21+273 -> 503 | M69: Bottom of Heat Sink Temperature | N69: K | O69: =O67 -> 502.74042
E70: Length of top section | F70: m | G70: =C39/1000 -> 0.005 | I70: Total Filament Heat Out | J70: W | K70: =K66*K67*(K69-K68) -> 5.6916 | M70: In Parallel Conduction of Steel and Aluminium in Top Section of Heat Block | N70: K/W | O70: =K11 -> 0.091167601
E71: Width | F71: m | G71: =C35/1000 -> 0.023 | M71: Total Top Heat Out | N71: W | O71: =K57 -> 1.9198836
E72: Depth | F72: m | G72: =C36/1000 -> 0.016 | I72: Total Heat In (Heater Cartridge) | M72: Top of Heat Block Temperature | N72: K | O72: =O69+O70*O71 -> 502.91545
E73: Area of Rectangle | F73: m^2 | G73: =G71*G72 -> 0.000368
E74: Area of Cylinder | F74: m^2 | G74: =pi()*G64^2 -> 2.8274334e-05 | I74: Name | J74: Units | K74: Value
E75: Actual Area | F75: m^2 | G75: =G73-G74 -> 0.00033972567 | I75: Total Heat Out through the Bottom
E76: Conductive Aluminium Resistance in Top Section Heat Block | F76: K/W | G76: =G70/(G69*G75) -> 0.094769849 | I76: Total Bottom Heat Out | J76: W | K76: =K52 -> 0.040572802
E77: In Parallel Conduction of Steel and Aluminium in Top Section of Heat Block | G77: =((1/G67)+(1/G76))^(-1) -> 0.091167601 | I77: Total Top Heat Out | J77: W | K77: =K57 -> 1.9198836
I78: Total Filament Heat Out | J78: W | K78: =K70 -> 5.6916
E79: In Parallel Conduction of Steel and Convection through neck of Heat Break | I79: Total Heat In | J79: W | K79: =SUM(K76:K78) -> 7.6520564
E81: Cylindrical Conduction Resistance of Heat Break
E82: Inner Radius | F82: m | G82: =C44/1000 -> 0.001
E83: Outer Radius | F83: m | G83: =C45/1000 -> 0.00148
E84: Length | F84: m | G84: =C46/1000 -> 0.0003
E85: Thermal Conducitvity of Stainless Steel | F85: W/mK | G85: =C11 -> 14.58
E86: Conductive Heat Break Resistance | F86: K/W | G86: =LN((G83/G82))/(2*pi()*G84*G85) -> 14.265075
E87: Natural Cylindrical Convection Resistance between Heat Block and Heat Sink
E88: Forced Convective Top Air Heat Transfer Coefficient | F88: W/m^2K | G88: =C13 -> 4.5045031
E89: Width | F89: m | G89: =C35/1000 -> 0.023
E90: Depth | F90: m | G90: =C36/1000 -> 0.016
E91: Area of Rectangle | F91: m^2 | G91: =G90*G89 -> 0.000368
E92: Area of Cylinder | F92: m^2 | G92: =pi()*G83^2 -> 6.8813445e-06
E93: Actual Area | F93: m^2 | G93: =G91-G92 -> 0.00036111866
E94: Natural Convective Resistance through neck of Heat Break | F94: K/W | G94: =1/(G88*G93) -> 614.75657
E95: In Parallel Conduction of Steel and Convection through neck of Heat Break | G95: =((1/G86)+(1/G94))^(-1) -> 13.941568
E97: In Parallel Conduction of Steel, Conduction of Aluminium and Convection through first 7 fins of Heat Sink (note same thing but without steel for the last 5 fins)
E99: Cylindrical Conduction Resistance aluminium through each Fin of Heat Sink
E100: Inner Radius | F100: m | G100: =C52/1000 -> 0.0028
E101: Outer Radius | F101: m | G101: =C54/1000 -> 0.011
E102: Length | F102: m | G102: =C55/1000 -> 0.0015
E103: Thermal Conducitvity of Aluminium | F103: W/mK | G103: =C9 -> 155.3
E104: Aluminium Conductive Heat Sink Resistance per Fin | F104: K/W | G104: =LN((G101/G100))/(2*pi()*G102*G103) -> 0.93482664
E105: Cylindrical Conduction Resistance Steel through each Fin of Heat Sink
...

Sheet Solution 6
A2: Initial Inputs | E2: Individiual Resistance | I2: Total Resistance | M2: Temperature at Different Points | Q2: Final Values Summary
A4: Name | B4: Units | C4: Value | E4: Name | F4: Units | G4: Value | I4: Name | J4: Units | K4: Value | M4: Name | N4: Units | O4: Value | Q4: Name | R4: Units | S4: Value
A5: Initial Temperatures | I5: Total Resistance through the Bottom | M5: Temperature at Bottom of Nozzle | Q5: Heat Balance
A6: Temperature of the Heater Cartridge | B6: C | C6: 230 | E6: In Series Convection and Conduction of Nozzle | I6: In Series Convection and Conduction of Nozzle outside heatblock | J6: K/W | K6: =G20 -> 5126.5236 | M6: Temperature of the Ambient Air | N6: K | O6: =C7+273 -> 295 | Q6: Total Heat In | R6: W | S6: =K78 -> 8.2478516
A7: Temperature of the Ambient AIr | B7: C | C7: 22 | I7: In Parallel Conduction of Brass and Aluminium in Bottom Section of Heat Block | J7: K/W | K7: =G39 -> 0.063474577 | M7: Natural Convective Nozzle Resistance Outside of Heat Block | N7: K/W | O7: =G13 -> 5126.2271 | Q7: Total Heat Out through Bottom | R7: W | S7: =K51 -> 0.040572802
A8: Thermal Conductivity | E8: Natural Convection Resistance between Nozzle and Ambient Air | I8: Total Bottom Resistance | J8: K/W | K8: =SUM(K6:K7) -> 5126.587 | M8: Total Bottom Heat Out | N8: W | O8: =K51 -> 0.040572802 | Q8: Total Heat Out through Top | R8: W | S8: =K56 -> 2.5156788
A9: Alumnium | B9: W/mK | C9: 155.3 | E9: Natural Convective Bottom Air Heat Transfer Coefficient | F9: W/m^2K | G9: =C14 -> 5.5195003 | I9: Total Resistance through the Top | M9: Bottom of Nozzle Temperature | N9: K | O9: =O6+O7*O8 -> 502.9854 | Q9: Total Heat Out through Filament | R9: W | S9: =K69 -> 5.6916
A10: Brass | B10: W/mK | C10: 112.1 | E10: Inner Radius | F10: m | G10: =C27/1000 -> 0.001 | I10: In Parallel Conduction of Brass and Aluminium in Middle Section of Heat Block | J10: K/W | K10: =G58 -> 0.044040127 | M10: Temperature at Bottom of Heat Block | Q10: Check | S10: =S6-SUM(S7:S9) -> 0
A11: Stainless Steel | B11: W/mK | C11: 14.58 | E11: Outer Radius | F11: m | G11: =C28/1000 -> 0.0035 | I11: In Parallel Conduction of Steel and Aluminium in Top Section of Heat Block | J11: K/W | K11: =G77 -> 0.091167601 | M11: Bottom of Nozzle Temperature | N11: K | O11: =O9 -> 502.9854
A12: Convective Heat Transfer Coefficient | E12: Area of nozzle | F12: m^2 | G12: =pi()*(G11^2-G10^2) -> 3.5342917e-05 | I12: In Parallel Conduction of Steel and Convection through neck of Heat Break 1 | J12: K/W | K12: =$G$95 -> 11.988756 | M12: Conductive Nozzle Resistance Outside of Heat Block | N12: K/W | O12: =G19 -> 0.29643684 | Q12: Name | R12: Units | S12: Value
A13: Natural Air at top of heat block | B13: W/m^2K | C13: ='Natural and Forced Convection C'!S5 -> 4.5045031 | E13: Natural Convective Nozzle Resistance Outside of Heat Block | F13: K/W | G13: =1/(G9*G12) -> 5126.2271 | I13: In Parallel Conduction of Steel and Convection through neck of Heat Break 2 | J13: K/W | K13: =$G$95 -> 11.988756 | M13: Total Bottom Heat Out | N13: W | O13: =K51 -> 0.040572802 | Q13: Temperature Values
A14: Natural Air at bottom of nozzle | B14: W/m^2K | C14: ='Natural and Forced Convection C'!S6 -> 5.5195003 | E14: Cylindrical Conduction Resistance of Nozzle | I14: In Parallel Conduction of Steel and Convection through neck of Heat Break 3 | J14: K/W | K14: =$G$95 -> 11.988756 | M14: Bottom of Heat Block Temperature | N14: K | O14: =O11+O12*O13 -> 502.99742 | Q14: Ambient Temperature | R14: C | S14: =C7 -> 22
A15: Forced Air (from Fan) | B15: W/m^2K | C15: ='Natural and Forced Convection C'!S7 -> 54.430806 | E15: Inner Radius | F15: m | G15: =C27/1000 -> 0.001 | I15: In Parallel Conduction of Steel and Convection through neck of Heat Break 4 | J15: K/W | K15: =$G$95 -> 11.988756 | Q15: Bottom of Nozzle Temperature | R15: C | S15: =O9-273 -> 229.9854
A16: PLA Properties | E16: Outer Radius | F16: m | G16: =C28/1000 -> 0.0035 | I16: In Parallel Conduction of Steel and Convection through neck of Heat Break 5 | J16: K/W | K16: =$G$95 -> 11.988756 | M16: Temperature at Top of Heat Sink - TF24 | Q16: Bottom of Heat Block Temperature | R16: C | S16: =O14-273 -> 229.99742
A17: Density of PLA | B17: kg/m^3 | C17: 1240 | E17: Length | F17: m | G17: =C29/1000 -> 0.006 | I17: In Parallel Conduction of Steel and Convection through neck of Heat Break 6 | J17: K/W | K17: =$G$95 -> 11.988756 | M17: Temperature of the Ambient Air | N17: K | O17: =C7+273 -> 295 | Q17: Heater Cartridge Temperature | R17: C | S17: =C6 -> 230
A18: Estimated Volumetric Flow Rate of PLA | B18: mm^3/s | C18: 15 | E18: Thermal Conducitvity of Brass | F18: W/mK | G18: =C10 -> 112.1 | I18: In Parallel Conduction of Steel and Aluminium through each Fin 1 | J18: K/W | K18: =G129 -> 0.84788501 | M18: Heat Sink Resistance per Gap for top 6 | N18: K/W | O18: =K41 -> 0.00036552613 | Q18: Bottom of Heat Break Temperature | R18: C | S18: =O71-273 -> 229.88921
A19: Specific Heat Capacity of PLA | B19: J/kgK | C19: 1800 | E19: Conductive Nozzle Resistance Outside of Heat Block | F19: K/W | G19: =LN((G16/G15))/(2*pi()*G17*G18) -> 0.29643684 | I19: In Parallel Condunction of Steel and Aluminium and Convection through Gap 1 | J19: K/W | K19: =G130 -> 0.00036551636 | M19: Total Top Heat Out | N19: W | O19: =K56 -> 2.5156788 | Q19: Top of Heat Block Temperature | R19: C | S19: =O66-273 -> 229.65986
A20: Temperature of unheated PLA | B20: C | C20: 60 | E20: In Series Convection and Conduction of Nozzle outside heatblock | G20: =G13+G19 -> 5126.5236 | I20: In Parallel Conduction of Steel and Aluminium through each Fin 2 | J20: K/W | K20: =G129 -> 0.84788501 | M20: Top of Heat Sink Temperature - TF24 | N20: K | O20: =O17+O18*O19 -> 295.00092 | Q20: THB 2 | S20: =O60-273 -> 199.5
A21: Temperature of heated PLA | B21: C | C21: 230 | I21: In Parallel Condunction of Steel and Aluminium and Convection through Gap 2 | J21: K/W | K21: =G130 -> 0.00036551636 | Q21: THB 3 | S21: =O59-273 -> 169.34014
E22: In Parallel Conduction of Brass and Aluminium in Bottom Section of Heat Block | I22: In Parallel Conduction of Steel and Aluminium through each Fin 3 | J22: K/W | K22: =G129 -> 0.84788501 | M22: Temperature of all the Fins | Q22: THB 4 | S22: =O58-273 -> 139.18028
A23: Dimensions | I23: In Parallel Condunction of Steel and Aluminium and Convection through Gap 3 | J23: K/W | K23: =G130 -> 0.00036551636 | M23: Heat Sink Resistance per Fin for Top 5 | N23: K/W | O23: =K40 -> 0.93482664 | Q23: THB 5 | S23: =O57-273 -> 109.02042
E24: Cylindrical Conduction Resistance of Brass in Heat Block | I24: In Parallel Conduction of Steel and Aluminium through each Fin 4 | J24: K/W | K24: =G129 -> 0.84788501 | M24: Heat Sink Resistance per Gap for Top 6 | N24: K/W | O24: =K41 -> 0.00036552613 | Q24: THB 6 | S24: =O56-273 -> 78.860558
A25: Name | B25: Units | C25: Value | E25: Inner Radius | F25: m | G25: =C31/1000 -> 0.001 | I25: In Parallel Condunction of Steel and Aluminium and Convection through Gap 4 | J25: K/W | K25: =G130 -> 0.00036551636 | M25: Heat Sink Resistance per Fin for Top 7 | N25: K/W | O25: =K30 -> 0.84788501 | Q25: TF1 - Bottom of Heat Sink | R25: C | S25: =O51-273 -> 48.700697
A26: Nozzle Dimensions Outside of Heat Block (Modelled as Cylinder) | E26: Outer Radius | F26: m | G26: =C32/1000 -> 0.003 | I26: In Parallel Conduction of Steel and Aluminium through each Fin 5 | J26: K/W | K26: =G129 -> 0.84788501 | M26: Heat Sink Resistance per Gap for Top 6 | N26: K/W | O26: =K29 -> 0.00036551636 | Q26: TF2 | R26: C | S26: =O50-273 -> 46.567691
A27: Inner Radius | B27: mm | C27: 1 | E27: Length of bottom section | F27: m | G27: =C37/1000 -> 0.004 | I27: In Parallel Condunction of Steel and Aluminium and Convection through Gap 5 | J27: K/W | K27: =G130 -> 0.00036551636 | M27: Total Top Heat Out | N27: W | O27: =K56 -> 2.5156788 | Q27: TF3 | R27: C | S27: =O49-273 -> 46.566771
A28: Outer Radius | B28: mm | C28: 3.5 | E28: Thermal Conducitvity of Brass | F28: W/mK | G28: =C10 -> 112.1 | I28: In Parallel Conduction of Steel and Aluminium through each Fin 6 | J28: K/W | K28: =G129 -> 0.84788501 | M28: Top of Heat Sink Temperature - TF24 | N28: K | O28: =O20 -> 295.00092 | Q28: TF4 | R28: C | S28: =O48-273 -> 44.433765
A29: Length | B29: mm | C29: 6 | E29: Conductive Brass Resistance in Bottom Section Heat Block | F29: K/W | G29: =LN((G26/G25))/(2*pi()*G27*G28) -> 0.38994107 | I29: In Parallel Condunction of Steel and Aluminium and Convection through Gap 6 | J29: K/W | K29: =G130 -> 0.00036551636 | M29: TF23 | N29: K | O29: =O28+$O$27*$O$23 -> 297.35264 | P29: F12 | Q29: TF5 | R29: C | S29: =O47-273 -> 44.432845
A30: Nozzle Dimensions Inside of Heat Block (Modelled as Cylindrer) | E30: Flat Plate Conduction Resistance of aluminium bottom half of heat block | I30: In Parallel Conduction of Steel and Aluminium through each Fin 7 | J30: K/W | K30: =G129 -> 0.84788501 | M30: TF22 | N30: K | O30: =O29+$O$27*$O$24 -> 297.35356 | Q30: TF6 | R30: C | S30: =O46-273 -> 42.299839
A31: Inner Radius | B31: mm | C31: 1 | E31: Thermal Conducitvity of Aluminium | F31: W/mK | G31: =C9 -> 155.3 | I31: In Parallel Conduction of Aluminium and Convection through the Gap 7 | J31: K/W | K31: =G132 -> 0.00036552613 | M31: TF21 | N31: K | O31: =O30+$O$27*$O$23 -> 299.70529 | P31: F11 | Q31: TF7 | R31: C | S31: =O45-273 -> 42.298919
A32: Outer Radius | B32: mm | C32: 3 | E32: Length of bottom section | F32: m | G32: =C37/1000 -> 0.004 | I32: Conduction of Aluminium through Fin 8 | J32: K/W | K32: =G131 -> 0.93482664 | M32: TF20 | N32: K | O32: =O31+$O$27*$O$24 -> 299.70621 | Q32: TF8 | R32: C | S32: =O44-273 -> 40.165913
A33: Heat Block Dimensions (Modelled as Flat Plate) | E33: Width | F33: m | G33: =C35/1000 -> 0.023 | I33: In Parallel Conduction of Aluminium and Convection through the Gap 8 | J33: K/W | K33: =G132 -> 0.00036552613 | M33: TF19 | N33: K | O33: =O32+$O$27*$O$23 -> 302.05793 | P33: F10 | Q33: TF9 | R33: C | S33: =O43-273 -> 40.164994
A34: Cross-sectional Area Values (we will need to minus the area from the nozzle/heat break hole) | E34: Depth | F34: m | G34: =C36/1000 -> 0.016 | I34: Conduction of Aluminium through Fin 9 | J34: K/W | K34: =G131 -> 0.93482664 | M34: TF18 | N34: K | O34: =O33+$O$27*$O$24 -> 302.05885 | Q34: TF10 | R34: C | S34: =O42-273 -> 38.031987
A35: Width | B35: mm | C35: 23 | E35: Area of Rectangle | F35: m^2 | G35: =G34*G33 -> 0.000368 | I35: In Parallel Conduction of Aluminium and Convection through the Gap 9 | J35: K/W | K35: =G132 -> 0.00036552613 | M35: TF17 | N35: K | O35: =O34+$O$27*$O$23 -> 304.41057 | P35: F9 | Q35: TF11 | R35: C | S35: =O41-273 -> 38.031068
A36: Depth | B36: mm | C36: 16 | E36: Area of Cylinder | F36: m^2 | G36: =pi()*(G26)^2 -> 2.8274334e-05 | I36: Conduction of Aluminium through Fin 10 | J36: K/W | K36: =G131 -> 0.93482664 | M36: TF16 | N36: K | O36: =O35+$O$27*$O$24 -> 304.41149 | Q36: TF12 | R36: C | S36: =O40-273 -> 35.898061
A37: Length of bottom section | B37: mm | C37: 4 | E37: Actual Area | F37: m^2 | G37: =G35-G36 -> 0.00033972567 | I37: In Parallel Conduction of Aluminium and Convection through the Gap 10 | J37: K/W | K37: =G132 -> 0.00036552613 | M37: TF15 | N37: K | O37: =O36+$O$27*$O$23 -> 306.76322 | P37: F8 | Q37: TF13 | R37: C | S37: =O39-273 -> 35.897142
A38: Length of middle section | B38: mm | C38: 2.5 | E38: Conductive Aluminium Resistance in Bottom Section Heat Block | F38: K/W | G38: =G32/(G31*G37) -> 0.075815879 | I38: Conduction of Aluminium through Fin 11 | J38: K/W | K38: =G131 -> 0.93482664 | M38: TF14 | N38: K | O38: =O37+$O$27*$O$24 -> 306.76414 | Q38: TF14 | R38: C | S38: =O38-273 -> 33.764135
A39: Length of top section | B39: mm | C39: 5 | E39: In Parallel Conduction of Brass and Aluminium in Bottom Section of Heat Block | G39: =((1/G29)+(1/G38))^(-1) -> 0.063474577 | I39: In Parallel Conduction of Aluminium and Convection through the Gap 11 | J39: K/W | K39: =G132 -> 0.00036552613 | M39: TF13 | N39: K | O39: =O38+$O$27*$O$25 -> 308.89714 | P39: F7 | Q39: TF15 | R39: C | S39: =O37-273 -> 33.763216
A40: Heat Break Dimensions Inside of Heat Block (Modelled as Flat Plate but Cylindrical Area) | I40: Conduction of Aluminium through Fin 12 | J40: K/W | K40: =G131 -> 0.93482664 | M40: TF12 | N40: K | O40: =O39+$O$27*$O$26 -> 308.89806 | Q40: TF16 | R40: C | S40: =O36-273 -> 31.411492
A41: Inner Radius | B41: mm | C41: 1 | E41: In Parallel Conduction of Brass and Aluminium in Middle Section of Heat Block | I41: In Parallel Conduction of Aluminium and Convection through the Gap 12 | J41: K/W | K41: =G132 -> 0.00036552613 | M41: TF11 | N41: K | O41: =O40+$O$27*$O$25 -> 311.03107 | P41: F6 | Q41: TF17 | R41: C | S41: =O35-273 -> 31.410573
A42: Outer Radius | B42: mm | C42: 3 | I42: Total Top Resistance | J42: K/W | K42: =SUM(K10:K41) -> 82.68146 | M42: TF10 | N42: K | O42: =O41+$O$27*$O$26 -> 311.03199 | Q42: TF18 | R42: C | S42: =O34-273 -> 29.058849
A43: Heat Break Dimensions between Heat Block and Heat Sink (Modelled as Cylinder) | E43: Cylindrical Conduction Resistance of Brass in Middle Heat Block | M43: TF09 | N43: K | O43: =O42+$O$27*$O$25 -> 313.16499 | P43: F5 | Q43: TF19 | R43: C | S43: =O33-273 -> 29.057929
A44: Inner Radius | B44: mm | C44: 1 | E44: Inner Radius | F44: m | G44: =C31/1000 -> 0.001 | I44: Total Heat Out (except Filament) | M44: TF08 | N44: K | O44: =O43+$O$27*$O$26 -> 313.16591 | Q44: TF20 | R44: C | S44: =O32-273 -> 26.706206
A45: Outer Radius | B45: mm | C45: 1.48 | E45: Outer Radius | F45: m | G45: =C32/1000 -> 0.003 | M45: TF07 | N45: K | O45: =O44+$O$27*$O$25 -> 315.29892 | P45: F4 | Q45: TF21 | R45: C | S45: =O31-273 -> 26.705286
A46: Step Length | B46: mm | C46: 0.35 | E46: Length of middle section | F46: m | G46: =C38/1000 -> 0.0025 | I46: Name | J46: Units | K46: Value | M46: TF06 | N46: K | O46: =O45+$O$27*$O$26 -> 315.29984 | Q46: TF22 | R46: C | S46: =O30-273 -> 24.353563
A47: Total Length | B47: mm | C47: 2.1 | E47: Thermal Conducitvity of Brass | F47: W/mK | G47: =C10 -> 112.1 | I47: Total Heat Out through the Bottom | M47: TF05 | N47: K | O47: =O46+$O$27*$O$25 -> 317.43285 | P47: F3 | Q47: TF23 | R47: C | S47: =O29-273 -> 24.352643
A48: Heat Break Dimensions inside Heat Sink (Modelled as Cylinder) | E48: Conductive Brass Resistance in Middle Section Heat Block | F48: K/W | G48: =LN((G45/G44))/(2*pi()*G46*G47) -> 0.62390571 | I48: Temperature of the Heater Cartridge | J48: K | K48: =C6+273 -> 503 | M48: TF04 | N48: K | O48: =O47+$O$27*$O$26 -> 317.43376 | Q48: TF24 - Top of Heat Sink | R48: C | S48: =O28-273 -> 22.00092
A49: Inner Radius | B49: mm | C49: 1 | E49: Flat Plate Conduction Resistance of aluminium middle of heat block | I49: Temperature of the Ambient Air | J49: K | K49: =C7+273 -> 295 | M49: TF03 | N49: K | O49: =O48+$O$27*$O$25 -> 319.56677 | P49: F2 | Q49: Ambient Temperature | R49: C | S49: =C7 -> 22
A50: Outer Radius | B50: mm | C50: 3.5 | E50: Thermal Conducitvity of Aluminium | F50: W/mK | G50: =C9 -> 155.3 | I50: Total Bottom Resistance | J50: K/W | K50: =K8 -> 5126.587 | M50: TF02 | N50: K | O50: =O49+$O$27*$O$26 -> 319.56769
A51: Heat Sink Dimensions (Modelled as Cylinder) | E51: Length of middle section | F51: m | G51: =C38/1000 -> 0.0025 | I51: Total Bottom Heat Out | J51: W | K51: =(K48-K49)/K50 -> 0.040572802 | M51: Bottom of Heat Sink Temperature - TF1 | N51: K | O51: =O50+$O$27*$O$25 -> 321.7007 | P51: F1
A52: Inner Radius | B52: mm | C52: =average(2.1,3.5) -> 2.8 | E52: Width | F52: m | G52: =C35/1000 -> 0.023 | I52: Total Heat Out through the Top
A53: Middle Radius | B53: mm | C53: 4 | E53: Depth | F53: m | G53: =C36/1000 -> 0.016 | I53: Temperature of the Heater Cartridge | J53: K | K53: =C6+273 -> 503 | M53: Temperature throughout Heatbreak Neck
A54: Outer Radius | B54: mm | C54: 11 | E54: Area of Rectangle | F54: m^2 | G54: =G53*G52 -> 0.000368 | I54: Temperature of the Ambient Air | J54: K | K54: =C7+273 -> 295 | M54: Resistance through Step of Heatbreak | N54: K/W | O54: =K12 -> 11.988756
A55: Length for Each Fin | B55: mm | C55: 1.5 | E55: Area of Cylinder | F55: m^2 | G55: =pi()*G45^2 -> 2.8274334e-05 | I55: Total Top Resistance | J55: K/W | K55: =K42 -> 82.68146 | M55: Total Top Heat out | N55: W | O55: =K56 -> 2.5156788
A56: Length for Each Gap | B56: mm | C56: 1 | E56: Actual Area | F56: m^2 | G56: =G54-G55 -> 0.00033972567 | I56: Total Top Heat Out | J56: W | K56: =(K53-K54)/K55 -> 2.5156788 | M56: TBH6 | N56: K | O56: =O51+$O$55*$O$54 -> 351.86056
E57: Conductive Aluminium Resistance in Middle Section Heat Block | F57: K/W | G57: =G51/(G50*G56) -> 0.047384925 | M57: TBH5 | N57: K | O57: =O56+$O$55*$O$54 -> 382.02042
A58: Heat Sink Interacts funs parallel with 7 fins and 6 Gaps | E58: In Parallel Conduction of Brass and Aluminium in Middle Section of Heat Block | G58: =((1/G48)+(1/G57))^(-1) -> 0.044040127 | I58: Total Heat Out (Filament) | M58: TBH4 | N58: K | O58: =O57+$O$55*$O$54 -> 412.18028
M59: TBH3 | N59: K | O59: =O58+$O$55*$O$54 -> 442.34014
E60: In Parallel Conduction of Steel and Aluminium in Top Section of Heat Block | I60: Mass Flowrate of PLA | M60: TBH2 | N60: K | O60: =O59+$O$55*$O$54 -> 472.5
I61: Density of PLA | J61: kg/m^3 | K61: =C17 -> 1240
E62: Cylindrical Conduction Resistance of steel top half of heat block | I62: Volumetric Flow Rate of PLA | J62: m^3/s | K62: =C18/10^9 -> 1.5e-08 | M62: Temperature at Top of Heat Block
E63: Inner Radius | F63: m | G63: =C41/1000 -> 0.001 | I63: Mass Flowrate | J63: kg/s | K63: =K62*K61 -> 1.86e-05 | M63: TBH02 | N63: K | O63: =O60 -> 472.5
E64: Outer Radius | F64: m | G64: =C42/1000 -> 0.003 | I64: Total Heat Out through Filament | M64: In Parallel Conduction of Steel and Convection through neck of Heat Break | N64: K/W | O64: =K12 -> 11.988756
E65: Length of top section | F65: m | G65: =C39/1000 -> 0.005 | I65: Mass Flowrate | J65: kg/s | K65: =K63 -> 1.86e-05 | M65: Total Top Heat Out | N65: W | O65: =K56 -> 2.5156788
E66: Thermal Conducitvity of Stainless Steel | F66: W/mK | G66: =C11 -> 14.58 | I66: Specifc Heat Capacity of PLA | J66: J/kgK | K66: =C19 -> 1800 | M66: Top of Heat Block Temperature | N66: K | O66: =O63+O64*O65 -> 502.65986
E67: Conductive Stell Resistance in Top Section Heat Block | F67: K/W | G67: =LN((G64/G63))/(2*pi()*G65*G66) -> 2.3984853 | I67: Temperature Unheated PLA | J67: K | K67: =C20+273 -> 333 | M67: Temperature at Bottom of Heat Break
E68: Flat Plate Conduction Resistance of aluminium top half of heat block | I68: Temperature Heated PLA | J68: K | K68: =C21+273 -> 503 | M68: Bottom of Heat Sink Temperature | N68: K | O68: =O66 -> 502.65986
E69: Thermal Conducitvity of Aluminium | F69: W/mK | G69: =C9 -> 155.3 | I69: Total Filament Heat Out | J69: W | K69: =K65*K66*(K68-K67) -> 5.6916 | M69: In Parallel Conduction of Steel and Aluminium in Top Section of Heat Block | N69: K/W | O69: =K11 -> 0.091167601
E70: Length of top section | F70: m | G70: =C39/1000 -> 0.005 | M70: Total Top Heat Out | N70: W | O70: =K56 -> 2.5156788
E71: Width | F71: m | G71: =C35/1000 -> 0.023 | I71: Total Heat In (Heater Cartridge) | M71: Top of Heat Block Temperature | N71: K | O71: =O68+O69*O70 -> 502.88921
E72: Depth | F72: m | G72: =C36/1000 -> 0.016
E73: Area of Rectangle | F73: m^2 | G73: =G71*G72 -> 0.000368 | I73: Name | J73: Units | K73: Value
E74: Area of Cylinder | F74: m^2 | G74: =pi()*G64^2 -> 2.8274334e-05 | I74: Total Heat Out through the Bottom
E75: Actual Area | F75: m^2 | G75: =G73-G74 -> 0.00033972567 | I75: Total Bottom Heat Out | J75: W | K75: =K51 -> 0.040572802
E76: Conductive Aluminium Resistance in Top Section Heat Block | F76: K/W | G76: =G70/(G69*G75) -> 0.094769849 | I76: Total Top Heat Out | J76: W | K76: =K56 -> 2.5156788
E77: In Parallel Conduction of Steel and Aluminium in Top Section of Heat Block | G77: =((1/G67)+(1/G76))^(-1) -> 0.091167601 | I77: Total Filament Heat Out | J77: W | K77: =K69 -> 5.6916
I78: Total Heat In | J78: W | K78: =SUM(K75:K77) -> 8.2478516
E79: In Parallel Conduction of Steel and Convection through neck of Heat Break
E81: Cylindrical Conduction Resistance of Heat Break
E82: Inner Radius | F82: m | G82: =C44/1000 -> 0.001
E83: Outer Radius | F83: m | G83: =C45/1000 -> 0.00148
E84: Length | F84: m | G84: =C46/1000 -> 0.00035
E85: Thermal Conducitvity of Stainless Steel | F85: W/mK | G85: =C11 -> 14.58
E86: Conductive Heat Break Resistance | F86: K/W | G86: =LN((G83/G82))/(2*pi()*G84*G85) -> 12.227207
E87: Natural Cylindrical Convection Resistance between Heat Block and Heat Sink
E88: Forced Convective Top Air Heat Transfer Coefficient | F88: W/m^2K | G88: =C13 -> 4.5045031
E89: Width | F89: m | G89: =C35/1000 -> 0.023
E90: Depth | F90: m | G90: =C36/1000 -> 0.016
E91: Area of Rectangle | F91: m^2 | G91: =G90*G89 -> 0.000368
E92: Area of Cylinder | F92: m^2 | G92: =pi()*G83^2 -> 6.8813445e-06
E93: Actual Area | F93: m^2 | G93: =G91-G92 -> 0.00036111866
E94: Natural Convective Resistance through neck of Heat Break | F94: K/W | G94: =1/(G88*G93) -> 614.75657
E95: In Parallel Conduction of Steel and Convection through neck of Heat Break | G95: =((1/G86)+(1/G94))^(-1) -> 11.988756
E97: In Parallel Conduction of Steel, Conduction of Aluminium and Convection through first 7 fins of Heat Sink (note same thing but without steel for the last 5 fins)
E99: Cylindrical Conduction Resistance aluminium through each Fin of Heat Sink
E100: Inner Radius | F100: m | G100: =C52/1000 -> 0.0028
E101: Outer Radius | F101: m | G101: =C54/1000 -> 0.011
E102: Length | F102: m | G102: =C55/1000 -> 0.0015
E103: Thermal Conducitvity of Aluminium | F103: W/mK | G103: =C9 -> 155.3
E104: Aluminium Conductive Heat Sink Resistance per Fin | F104: K/W | G104: =LN((G101/G100))/(2*pi()*G102*G103) -> 0.93482664
E105: Cylindrical Conduction Resistance Steel through each Fin of Heat Sink
...

Sheet Solution 8
A2: Initial Inputs | E2: Individiual Resistance | I2: Total Resistance | M2: Temperature at Different Points | Q2: Final Values Summary
A4: Name | B4: Units | C4: Value | E4: Name | F4: Units | G4: Value | I4: Name | J4: Units | K4: Value | M4: Name | N4: Units | O4: Value | Q4: Name | R4: Units | S4: Value
A5: Initial Temperatures | I5: Total Resistance through the Bottom | M5: Temperature at Bottom of Nozzle | Q5: Heat Balance
A6: Temperature of the Heater Cartridge | B6: C | C6: 230 | E6: In Series Convection and Conduction of Nozzle | I6: In Series Convection and Conduction of Nozzle outside heatblock | J6: K/W | K6: =G20 -> 5126.5236 | M6: Temperature of the Ambient Air | N6: K | O6: =C7+273 -> 295 | Q6: Total Heat In | R6: W | S6: =K76 -> 10.577482
A7: Temperature of the Ambient AIr | B7: C | C7: 22 | I7: In Parallel Conduction of Brass and Aluminium in Bottom Section of Heat Block | J7: K/W | K7: =G39 -> 0.063474577 | M7: Natural Convective Nozzle Resistance Outside of Heat Block | N7: K/W | O7: =G13 -> 5126.2271 | Q7: Total Heat Out through Bottom | R7: W | S7: =K49 -> 0.040572802
A8: Thermal Conductivity | E8: Natural Convection Resistance between Nozzle and Ambient Air | I8: Total Bottom Resistance | J8: K/W | K8: =SUM(K6:K7) -> 5126.587 | M8: Total Bottom Heat Out | N8: W | O8: =K49 -> 0.040572802 | Q8: Total Heat Out through Top | R8: W | S8: =K54 -> 4.8453087
A9: Alumnium | B9: W/mK | C9: 155.3 | E9: Natural Convective Bottom Air Heat Transfer Coefficient | F9: W/m^2K | G9: =C14 -> 5.5195003 | I9: Total Resistance through the Top | M9: Bottom of Nozzle Temperature | N9: K | O9: =O6+O7*O8 -> 502.9854 | Q9: Total Heat Out through Filament | R9: W | S9: =K67 -> 5.6916
A10: Brass | B10: W/mK | C10: 112.1 | E10: Inner Radius | F10: m | G10: =C27/1000 -> 0.001 | I10: In Parallel Conduction of Brass and Aluminium in Middle Section of Heat Block | J10: K/W | K10: =G58 -> 0.044040127 | M10: Temperature at Bottom of Heat Block | Q10: Check | S10: =S6-SUM(S7:S9) -> 0
A11: Stainless Steel | B11: W/mK | C11: 14.58 | E11: Outer Radius | F11: m | G11: =C28/1000 -> 0.0035 | I11: In Parallel Conduction of Steel and Aluminium in Top Section of Heat Block | J11: K/W | K11: =G77 -> 0.091167601 | M11: Bottom of Nozzle Temperature | N11: K | O11: =O9 -> 502.9854
A12: Convective Heat Transfer Coefficient | E12: Area of nozzle | F12: m^2 | G12: =pi()*(G11^2-G10^2) -> 3.5342917e-05 | I12: In Parallel Conduction of Steel and Convection through neck of Heat Break 1 | J12: K/W | K12: =$G$95 -> 8.0447998 | M12: Conductive Nozzle Resistance Outside of Heat Block | N12: K/W | O12: =G19 -> 0.29643684 | Q12: Name | R12: Units | S12: Value
A13: Natural Air at top of heat block | B13: W/m^2K | C13: ='Natural and Forced Convection C'!S5 -> 4.5045031 | E13: Natural Convective Nozzle Resistance Outside of Heat Block | F13: K/W | G13: =1/(G9*G12) -> 5126.2271 | I13: In Parallel Conduction of Steel and Convection through neck of Heat Break 2 | J13: K/W | K13: =$G$95 -> 8.0447998 | M13: Total Bottom Heat Out | N13: W | O13: =K49 -> 0.040572802 | Q13: Temperature Values
A14: Natural Air at bottom of nozzle | B14: W/m^2K | C14: ='Natural and Forced Convection C'!S6 -> 5.5195003 | E14: Cylindrical Conduction Resistance of Nozzle | I14: In Parallel Conduction of Steel and Convection through neck of Heat Break 3 | J14: K/W | K14: =$G$95 -> 8.0447998 | M14: Bottom of Heat Block Temperature | N14: K | O14: =O11+O12*O13 -> 502.99742 | Q14: Ambient Temperature | R14: C | S14: =C7 -> 22
A15: Forced Air (from Fan) | B15: W/m^2K | C15: ='Natural and Forced Convection C'!S7 -> 54.430806 | E15: Inner Radius | F15: m | G15: =C27/1000 -> 0.001 | I15: In Parallel Conduction of Steel and Convection through neck of Heat Break 4 | J15: K/W | K15: =$G$95 -> 8.0447998 | Q15: Bottom of Nozzle Temperature | R15: C | S15: =O9-273 -> 229.9854
A16: PLA Properties | E16: Outer Radius | F16: m | G16: =C28/1000 -> 0.0035 | I16: In Parallel Conduction of Steel and Aluminium through each Fin 1 | J16: K/W | K16: =G129 -> 0.84788501 | M16: Temperature at Top of Heat Sink - TF24 | Q16: Bottom of Heat Block Temperature | R16: C | S16: =O14-273 -> 229.99742
A17: Density of PLA | B17: kg/m^3 | C17: 1240 | E17: Length | F17: m | G17: =C29/1000 -> 0.006 | I17: In Parallel Condunction of Steel and Aluminium and Convection through Gap 1 | J17: K/W | K17: =G130 -> 0.00036551636 | M17: Temperature of the Ambient Air | N17: K | O17: =C7+273 -> 295 | Q17: Heater Cartridge Temperature | R17: C | S17: =C6 -> 230
A18: Estimated Volumetric Flow Rate of PLA | B18: mm^3/s | C18: 15 | E18: Thermal Conducitvity of Brass | F18: W/mK | G18: =C10 -> 112.1 | I18: In Parallel Conduction of Steel and Aluminium through each Fin 2 | J18: K/W | K18: =G129 -> 0.84788501 | M18: Heat Sink Resistance per Gap for top 6 | N18: K/W | O18: =K39 -> 0.00036552613 | Q18: Bottom of Heat Break Temperature | R18: C | S18: =O69-273 -> 229.78661
A19: Specific Heat Capacity of PLA | B19: J/kgK | C19: 1800 | E19: Conductive Nozzle Resistance Outside of Heat Block | F19: K/W | G19: =LN((G16/G15))/(2*pi()*G17*G18) -> 0.29643684 | I19: In Parallel Condunction of Steel and Aluminium and Convection through Gap 2 | J19: K/W | K19: =G130 -> 0.00036551636 | M19: Total Top Heat Out | N19: W | O19: =K54 -> 4.8453087 | Q19: Top of Heat Block Temperature | R19: C | S19: =O64-273 -> 229.34488
A20: Temperature of unheated PLA | B20: C | C20: 60 | E20: In Series Convection and Conduction of Nozzle outside heatblock | G20: =G13+G19 -> 5126.5236 | I20: In Parallel Conduction of Steel and Aluminium through each Fin 3 | J20: K/W | K20: =G129 -> 0.84788501 | M20: Top of Heat Sink Temperature - TF24 | N20: K | O20: =O17+O18*O19 -> 295.00177 | Q20: THB 2 | S20: =O58-273 -> 190.36534
A21: Temperature of heated PLA | B21: C | C21: 230 | I21: In Parallel Condunction of Steel and Aluminium and Convection through Gap 3 | J21: K/W | K21: =G130 -> 0.00036551636 | Q21: THB 3 | S21: =O57-273 -> 151.3858
E22: In Parallel Conduction of Brass and Aluminium in Bottom Section of Heat Block | I22: In Parallel Conduction of Steel and Aluminium through each Fin 4 | J22: K/W | K22: =G129 -> 0.84788501 | M22: Temperature of all the Fins | Q22: THB 4 | S22: =O56-273 -> 112.40626
A23: Dimensions | I23: In Parallel Condunction of Steel and Aluminium and Convection through Gap 4 | J23: K/W | K23: =G130 -> 0.00036551636 | M23: Heat Sink Resistance per Fin for Top 5 | N23: K/W | O23: =K38 -> 0.93482664 | Q23: TF1 - Bottom of Heat Sink | R23: C | S23: =O51-273 -> 73.426723
E24: Cylindrical Conduction Resistance of Brass in Heat Block | I24: In Parallel Conduction of Steel and Aluminium through each Fin 5 | J24: K/W | K24: =G129 -> 0.84788501 | M24: Heat Sink Resistance per Gap for Top 6 | N24: K/W | O24: =K39 -> 0.00036552613 | Q24: TF2 | R24: C | S24: =O50-273 -> 69.318459
A25: Name | B25: Units | C25: Value | E25: Inner Radius | F25: m | G25: =C31/1000 -> 0.001 | I25: In Parallel Condunction of Steel and Aluminium and Convection through Gap 5 | J25: K/W | K25: =G130 -> 0.00036551636 | M25: Heat Sink Resistance per Fin for Top 7 | N25: K/W | O25: =K28 -> 0.84788501 | Q25: TF3 | R25: C | S25: =O49-273 -> 69.316688
A26: Nozzle Dimensions Outside of Heat Block (Modelled as Cylinder) | E26: Outer Radius | F26: m | G26: =C32/1000 -> 0.003 | I26: In Parallel Conduction of Steel and Aluminium through each Fin 6 | J26: K/W | K26: =G129 -> 0.84788501 | M26: Heat Sink Resistance per Gap for Top 6 | N26: K/W | O26: =K27 -> 0.00036551636 | Q26: TF4 | R26: C | S26: =O48-273 -> 65.208423
A27: Inner Radius | B27: mm | C27: 1 | E27: Length of bottom section | F27: m | G27: =C37/1000 -> 0.004 | I27: In Parallel Condunction of Steel and Aluminium and Convection through Gap 6 | J27: K/W | K27: =G130 -> 0.00036551636 | M27: Total Top Heat Out | N27: W | O27: =K54 -> 4.8453087 | Q27: TF5 | R27: C | S27: =O47-273 -> 65.206652
A28: Outer Radius | B28: mm | C28: 3.5 | E28: Thermal Conducitvity of Brass | F28: W/mK | G28: =C10 -> 112.1 | I28: In Parallel Conduction of Steel and Aluminium through each Fin 7 | J28: K/W | K28: =G129 -> 0.84788501 | M28: Top of Heat Sink Temperature - TF24 | N28: K | O28: =O20 -> 295.00177 | Q28: TF6 | R28: C | S28: =O46-273 -> 61.098387
A29: Length | B29: mm | C29: 6 | E29: Conductive Brass Resistance in Bottom Section Heat Block | F29: K/W | G29: =LN((G26/G25))/(2*pi()*G27*G28) -> 0.38994107 | I29: In Parallel Conduction of Aluminium and Convection through the Gap 7 | J29: K/W | K29: =G132 -> 0.00036552613 | M29: TF23 | N29: K | O29: =O28+$O$27*$O$23 -> 299.53129 | P29: F12 | Q29: TF7 | R29: C | S29: =O45-273 -> 61.096616
A30: Nozzle Dimensions Inside of Heat Block (Modelled as Cylindrer) | E30: Flat Plate Conduction Resistance of aluminium bottom half of heat block | I30: Conduction of Aluminium through Fin 8 | J30: K/W | K30: =G131 -> 0.93482664 | M30: TF22 | N30: K | O30: =O29+$O$27*$O$24 -> 299.53307 | Q30: TF8 | R30: C | S30: =O44-273 -> 56.988352
A31: Inner Radius | B31: mm | C31: 1 | E31: Thermal Conducitvity of Aluminium | F31: W/mK | G31: =C9 -> 155.3 | I31: In Parallel Conduction of Aluminium and Convection through the Gap 8 | J31: K/W | K31: =G132 -> 0.00036552613 | M31: TF21 | N31: K | O31: =O30+$O$27*$O$23 -> 304.06259 | P31: F11 | Q31: TF9 | R31: C | S31: =O43-273 -> 56.986581
A32: Outer Radius | B32: mm | C32: 3 | E32: Length of bottom section | F32: m | G32: =C37/1000 -> 0.004 | I32: Conduction of Aluminium through Fin 9 | J32: K/W | K32: =G131 -> 0.93482664 | M32: TF20 | N32: K | O32: =O31+$O$27*$O$24 -> 304.06436 | Q32: TF10 | R32: C | S32: =O42-273 -> 52.878316
A33: Heat Block Dimensions (Modelled as Flat Plate) | E33: Width | F33: m | G33: =C35/1000 -> 0.023 | I33: In Parallel Conduction of Aluminium and Convection through the Gap 9 | J33: K/W | K33: =G132 -> 0.00036552613 | M33: TF19 | N33: K | O33: =O32+$O$27*$O$23 -> 308.59388 | P33: F10 | Q33: TF11 | R33: C | S33: =O41-273 -> 52.876545
A34: Cross-sectional Area Values (we will need to minus the area from the nozzle/heat break hole) | E34: Depth | F34: m | G34: =C36/1000 -> 0.016 | I34: Conduction of Aluminium through Fin 10 | J34: K/W | K34: =G131 -> 0.93482664 | M34: TF18 | N34: K | O34: =O33+$O$27*$O$24 -> 308.59566 | Q34: TF12 | R34: C | S34: =O40-273 -> 48.76828
A35: Width | B35: mm | C35: 23 | E35: Area of Rectangle | F35: m^2 | G35: =G34*G33 -> 0.000368 | I35: In Parallel Conduction of Aluminium and Convection through the Gap 10 | J35: K/W | K35: =G132 -> 0.00036552613 | M35: TF17 | N35: K | O35: =O34+$O$27*$O$23 -> 313.12518 | P35: F9 | Q35: TF13 | R35: C | S35: =O39-273 -> 48.766509
A36: Depth | B36: mm | C36: 16 | E36: Area of Cylinder | F36: m^2 | G36: =pi()*(G26)^2 -> 2.8274334e-05 | I36: Conduction of Aluminium through Fin 11 | J36: K/W | K36: =G131 -> 0.93482664 | M36: TF16 | N36: K | O36: =O35+$O$27*$O$24 -> 313.12695 | Q36: TF14 | R36: C | S36: =O38-273 -> 44.658245
A37: Length of bottom section | B37: mm | C37: 4 | E37: Actual Area | F37: m^2 | G37: =G35-G36 -> 0.00033972567 | I37: In Parallel Conduction of Aluminium and Convection through the Gap 11 | J37: K/W | K37: =G132 -> 0.00036552613 | M37: TF15 | N37: K | O37: =O36+$O$27*$O$23 -> 317.65647 | P37: F8 | Q37: TF15 | R37: C | S37: =O37-273 -> 44.656474
A38: Length of middle section | B38: mm | C38: 2.5 | E38: Conductive Aluminium Resistance in Bottom Section Heat Block | F38: K/W | G38: =G32/(G31*G37) -> 0.075815879 | I38: Conduction of Aluminium through Fin 12 | J38: K/W | K38: =G131 -> 0.93482664 | M38: TF14 | N38: K | O38: =O37+$O$27*$O$24 -> 317.65824 | Q38: TF16 | R38: C | S38: =O36-273 -> 40.12695
A39: Length of top section | B39: mm | C39: 5 | E39: In Parallel Conduction of Brass and Aluminium in Bottom Section of Heat Block | G39: =((1/G29)+(1/G38))^(-1) -> 0.063474577 | I39: In Parallel Conduction of Aluminium and Convection through the Gap 12 | J39: K/W | K39: =G132 -> 0.00036552613 | M39: TF13 | N39: K | O39: =O38+$O$27*$O$25 -> 321.76651 | P39: F7 | Q39: TF17 | R39: C | S39: =O35-273 -> 40.125179
A40: Heat Break Dimensions Inside of Heat Block (Modelled as Flat Plate but Cylindrical Area) | I40: Total Top Resistance | J40: K/W | K40: =SUM(K10:K39) -> 42.928121 | M40: TF12 | N40: K | O40: =O39+$O$27*$O$26 -> 321.76828 | Q40: TF18 | R40: C | S40: =O34-273 -> 35.595655
A41: Inner Radius | B41: mm | C41: 1 | E41: In Parallel Conduction of Brass and Aluminium in Middle Section of Heat Block | M41: TF11 | N41: K | O41: =O40+$O$27*$O$25 -> 325.87655 | P41: F6 | Q41: TF19 | R41: C | S41: =O33-273 -> 35.593884
A42: Outer Radius | B42: mm | C42: 3 | I42: Total Heat Out (except Filament) | M42: TF10 | N42: K | O42: =O41+$O$27*$O$26 -> 325.87832 | Q42: TF20 | R42: C | S42: =O32-273 -> 31.064361
A43: Heat Break Dimensions between Heat Block and Heat Sink (Modelled as Cylinder) | E43: Cylindrical Conduction Resistance of Brass in Middle Heat Block | M43: TF09 | N43: K | O43: =O42+$O$27*$O$25 -> 329.98658 | P43: F5 | Q43: TF21 | R43: C | S43: =O31-273 -> 31.062589
A44: Inner Radius | B44: mm | C44: 1 | E44: Inner Radius | F44: m | G44: =C31/1000 -> 0.001 | I44: Name | J44: Units | K44: Value | M44: TF08 | N44: K | O44: =O43+$O$27*$O$26 -> 329.98835 | Q44: TF22 | R44: C | S44: =O30-273 -> 26.533066
A45: Outer Radius | B45: mm | C45: 1.48 | E45: Outer Radius | F45: m | G45: =C32/1000 -> 0.003 | I45: Total Heat Out through the Bottom | M45: TF07 | N45: K | O45: =O44+$O$27*$O$25 -> 334.09662 | P45: F4 | Q45: TF23 | R45: C | S45: =O29-273 -> 26.531295
A46: Step Length | B46: mm | C46: 0.525 | E46: Length of middle section | F46: m | G46: =C38/1000 -> 0.0025 | I46: Temperature of the Heater Cartridge | J46: K | K46: =C6+273 -> 503 | M46: TF06 | N46: K | O46: =O45+$O$27*$O$26 -> 334.09839 | Q46: TF24 - Top of Heat Sink | R46: C | S46: =O28-273 -> 22.001771
A47: Total Length | B47: mm | C47: 2.1 | E47: Thermal Conducitvity of Brass | F47: W/mK | G47: =C10 -> 112.1 | I47: Temperature of the Ambient Air | J47: K | K47: =C7+273 -> 295 | M47: TF05 | N47: K | O47: =O46+$O$27*$O$25 -> 338.20665 | P47: F3 | Q47: Ambient Temperature | R47: C | S47: =C7 -> 22
A48: Heat Break Dimensions inside Heat Sink (Modelled as Cylinder) | E48: Conductive Brass Resistance in Middle Section Heat Block | F48: K/W | G48: =LN((G45/G44))/(2*pi()*G46*G47) -> 0.62390571 | I48: Total Bottom Resistance | J48: K/W | K48: =K8 -> 5126.587 | M48: TF04 | N48: K | O48: =O47+$O$27*$O$26 -> 338.20842
A49: Inner Radius | B49: mm | C49: 1 | E49: Flat Plate Conduction Resistance of aluminium middle of heat block | I49: Total Bottom Heat Out | J49: W | K49: =(K46-K47)/K48 -> 0.040572802 | M49: TF03 | N49: K | O49: =O48+$O$27*$O$25 -> 342.31669 | P49: F2
A50: Outer Radius | B50: mm | C50: 3.5 | E50: Thermal Conducitvity of Aluminium | F50: W/mK | G50: =C9 -> 155.3 | I50: Total Heat Out through the Top | M50: TF02 | N50: K | O50: =O49+$O$27*$O$26 -> 342.31846
A51: Heat Sink Dimensions (Modelled as Cylinder) | E51: Length of middle section | F51: m | G51: =C38/1000 -> 0.0025 | I51: Temperature of the Heater Cartridge | J51: K | K51: =C6+273 -> 503 | M51: Bottom of Heat Sink Temperature - TF1 | N51: K | O51: =O50+$O$27*$O$25 -> 346.42672 | P51: F1
A52: Inner Radius | B52: mm | C52: =average(2.1,3.5) -> 2.8 | E52: Width | F52: m | G52: =C35/1000 -> 0.023 | I52: Temperature of the Ambient Air | J52: K | K52: =C7+273 -> 295
A53: Middle Radius | B53: mm | C53: 4 | E53: Depth | F53: m | G53: =C36/1000 -> 0.016 | I53: Total Top Resistance | J53: K/W | K53: =K40 -> 42.928121 | M53: Temperature throughout Heatbreak Neck
A54: Outer Radius | B54: mm | C54: 11 | E54: Area of Rectangle | F54: m^2 | G54: =G53*G52 -> 0.000368 | I54: Total Top Heat Out | J54: W | K54: =(K51-K52)/K53 -> 4.8453087 | M54: Resistance through Step of Heatbreak | N54: K/W | O54: =K12 -> 8.0447998
A55: Length for Each Fin | B55: mm | C55: 1.5 | E55: Area of Cylinder | F55: m^2 | G55: =pi()*G45^2 -> 2.8274334e-05 | M55: Total Top Heat out | N55: W | O55: =K54 -> 4.8453087
A56: Length for Each Gap | B56: mm | C56: 1 | E56: Actual Area | F56: m^2 | G56: =G54-G55 -> 0.00033972567 | I56: Total Heat Out (Filament) | M56: TBH4 | N56: K | O56: =O51+$O$55*$O$54 -> 385.40626
E57: Conductive Aluminium Resistance in Middle Section Heat Block | F57: K/W | G57: =G51/(G50*G56) -> 0.047384925 | M57: TBH3 | N57: K | O57: =O56+$O$55*$O$54 -> 424.3858
A58: Heat Sink Interacts funs parallel with 7 fins and 6 Gaps | E58: In Parallel Conduction of Brass and Aluminium in Middle Section of Heat Block | G58: =((1/G48)+(1/G57))^(-1) -> 0.044040127 | I58: Mass Flowrate of PLA | M58: TBH2 | N58: K | O58: =O57+$O$55*$O$54 -> 463.36534
I59: Density of PLA | J59: kg/m^3 | K59: =C17 -> 1240
E60: In Parallel Conduction of Steel and Aluminium in Top Section of Heat Block | I60: Volumetric Flow Rate of PLA | J60: m^3/s | K60: =C18/10^9 -> 1.5e-08 | M60: Temperature at Top of Heat Block
I61: Mass Flowrate | J61: kg/s | K61: =K60*K59 -> 1.86e-05 | M61: TBH02 | N61: K | O61: =O58 -> 463.36534
E62: Cylindrical Conduction Resistance of steel top half of heat block | I62: Total Heat Out through Filament | M62: In Parallel Conduction of Steel and Convection through neck of Heat Break | N62: K/W | O62: =K12 -> 8.0447998
E63: Inner Radius | F63: m | G63: =C41/1000 -> 0.001 | I63: Mass Flowrate | J63: kg/s | K63: =K61 -> 1.86e-05 | M63: Total Top Heat Out | N63: W | O63: =K54 -> 4.8453087
E64: Outer Radius | F64: m | G64: =C42/1000 -> 0.003 | I64: Specifc Heat Capacity of PLA | J64: J/kgK | K64: =C19 -> 1800 | M64: Top of Heat Block Temperature | N64: K | O64: =O61+O62*O63 -> 502.34488
E65: Length of top section | F65: m | G65: =C39/1000 -> 0.005 | I65: Temperature Unheated PLA | J65: K | K65: =C20+273 -> 333 | M65: Temperature at Bottom of Heat Break
E66: Thermal Conducitvity of Stainless Steel | F66: W/mK | G66: =C11 -> 14.58 | I66: Temperature Heated PLA | J66: K | K66: =C21+273 -> 503 | M66: Bottom of Heat Sink Temperature | N66: K | O66: =O64 -> 502.34488
E67: Conductive Stell Resistance in Top Section Heat Block | F67: K/W | G67: =LN((G64/G63))/(2*pi()*G65*G66) -> 2.3984853 | I67: Total Filament Heat Out | J67: W | K67: =K63*K64*(K66-K65) -> 5.6916 | M67: In Parallel Conduction of Steel and Aluminium in Top Section of Heat Block | N67: K/W | O67: =K11 -> 0.091167601
E68: Flat Plate Conduction Resistance of aluminium top half of heat block | M68: Total Top Heat Out | N68: W | O68: =K54 -> 4.8453087
E69: Thermal Conducitvity of Aluminium | F69: W/mK | G69: =C9 -> 155.3 | I69: Total Heat In (Heater Cartridge) | M69: Top of Heat Block Temperature | N69: K | O69: =O66+O67*O68 -> 502.78661
E70: Length of top section | F70: m | G70: =C39/1000 -> 0.005
E71: Width | F71: m | G71: =C35/1000 -> 0.023 | I71: Name | J71: Units | K71: Value
E72: Depth | F72: m | G72: =C36/1000 -> 0.016 | I72: Total Heat Out through the Bottom
E73: Area of Rectangle | F73: m^2 | G73: =G71*G72 -> 0.000368 | I73: Total Bottom Heat Out | J73: W | K73: =K49 -> 0.040572802
E74: Area of Cylinder | F74: m^2 | G74: =pi()*G64^2 -> 2.8274334e-05 | I74: Total Top Heat Out | J74: W | K74: =K54 -> 4.8453087
E75: Actual Area | F75: m^2 | G75: =G73-G74 -> 0.00033972567 | I75: Total Filament Heat Out | J75: W | K75: =K67 -> 5.6916
E76: Conductive Aluminium Resistance in Top Section Heat Block | F76: K/W | G76: =G70/(G69*G75) -> 0.094769849 | I76: Total Heat In | J76: W | K76: =SUM(K73:K75) -> 10.577482
E77: In Parallel Conduction of Steel and Aluminium in Top Section of Heat Block | G77: =((1/G67)+(1/G76))^(-1) -> 0.091167601
E79: In Parallel Conduction of Steel and Convection through neck of Heat Break
E81: Cylindrical Conduction Resistance of Heat Break
E82: Inner Radius | F82: m | G82: =C44/1000 -> 0.001
E83: Outer Radius | F83: m | G83: =C45/1000 -> 0.00148
E84: Length | F84: m | G84: =C46/1000 -> 0.000525
E85: Thermal Conducitvity of Stainless Steel | F85: W/mK | G85: =C11 -> 14.58
E86: Conductive Heat Break Resistance | F86: K/W | G86: =LN((G83/G82))/(2*pi()*G84*G85) -> 8.1514712
E87: Natural Cylindrical Convection Resistance between Heat Block and Heat Sink
E88: Forced Convective Top Air Heat Transfer Coefficient | F88: W/m^2K | G88: =C13 -> 4.5045031
E89: Width | F89: m | G89: =C35/1000 -> 0.023
E90: Depth | F90: m | G90: =C36/1000 -> 0.016
E91: Area of Rectangle | F91: m^2 | G91: =G90*G89 -> 0.000368
E92: Area of Cylinder | F92: m^2 | G92: =pi()*G83^2 -> 6.8813445e-06
E93: Actual Area | F93: m^2 | G93: =G91-G92 -> 0.00036111866
E94: Natural Convective Resistance through neck of Heat Break | F94: K/W | G94: =1/(G88*G93) -> 614.75657
E95: In Parallel Conduction of Steel and Convection through neck of Heat Break | G95: =((1/G86)+(1/G94))^(-1) -> 8.0447998
E97: In Parallel Conduction of Steel, Conduction of Aluminium and Convection through first 7 fins of Heat Sink (note same thing but without steel for the last 5 fins)
E99: Cylindrical Conduction Resistance aluminium through each Fin of Heat Sink
E100: Inner Radius | F100: m | G100: =C52/1000 -> 0.0028
E101: Outer Radius | F101: m | G101: =C54/1000 -> 0.011
E102: Length | F102: m | G102: =C55/1000 -> 0.0015
E103: Thermal Conducitvity of Aluminium | F103: W/mK | G103: =C9 -> 155.3
E104: Aluminium Conductive Heat Sink Resistance per Fin | F104: K/W | G104: =LN((G101/G100))/(2*pi()*G102*G103) -> 0.93482664
E105: Cylindrical Conduction Resistance Steel through each Fin of Heat Sink
E106: Inner Radius | F106: m | G106: =C49/1000 -> 0.001
...
